sifraUstanove;1-2-3
podSifraUstanove;5-6-7
razdoblje;1
skolskaGodina;11-12
uceniciOsnovniPodaci
jmbg;ime;prezime;datumRodjenja;drzavaRodjenjaNaziv;mjestoRodjenjaNaziv;mjestoRodjenjaPBroj;spol;sifraNacionalneManjine;prebivalisteUlicaIBroj;prebivalisteMjestoNaziv;prebivalistePBroj;prebivalisteVrijediOd;boravisteUlicaIBroj;boravisteMjestoNaziv;boravistePBroj;boravisteVrijediOd;boravisteRazlogBoravkaSifra
904993360886;Željko;Mandić;1993-04-09;;Begovača;43233;M;;;;;;;;;;
703997360260;Ines;Koraca;1997-03-07;;Begovača;43233;Z;;;;;;;;;;
2902999360416;Viktor;Pavković;;;Begovača;43233;M;;;;;;;;;;
1110989360518;Marko;Graovac;1989-10-11;;Begovača;43233;M;;;;;;;;;;
1706994360711;Natko;Kostrenčić;1994-06-17;;Begovača;43233;M;;;;;;;;;;
2407995360668;Petar;Bokulić;1995-07-24;;Begovača;43233;M;;;;;;;;;;
211998360481;Ivana;Štajduhar;1998-11-02;;Begovača;43233;Z;;;;;;;;;;
2203997360357;Nataša;Kostrenčić;1997-03-22;;Begovača;43233;Z;;;;;;;;;;
3007999360658;Ines;Nekić;1999-07-30;;Begovača;43233;Z;;;;;;;;;;
401992360422;Marko;Todeskini;1992-01-04;;Begovača;43233;M;;;;;;;;;;
1011997360076;Mila;Vincetić;1997-11-10;;Begovača;43233;Z;;;;;;;;;;
110991360359;Nataša;Mandić;1991-10-01;;Begovača;43233;Z;;;;;;;;;;
212990360712;Pero;Ugrina;1990-12-02;;Begovača;43233;M;;;;;;;;;;
2307998360062;Igor;Mandić;1998-07-23;;Begovača;43233;M;;;;;;;;;;
1812998360183;Zoran;Kostrenčić;1998-12-18;;Begovača;43233;M;;;;;;;;;;
2511994360009;Jakov;Perić;1994-11-25;;Begovača;43233;M;;;;;;;;;;
210996360118;Jakov;Sušanj;1996-10-02;;Begovača;43233;M;;;;;;;;;;
703991360745;Viktor;Hasić;1991-03-07;;Begovača;43233;M;;;;;;;;;;
1105999360656;Mila;Nekić;1999-05-11;;Begovača;43233;Z;;;;;;;;;;
1709997360580;Natko;Štajduhar;1997-09-17;;Begovača;43233;M;;;;;;;;;;
2210992360171;Milan;Graovac;1992-10-22;;Begovača;43233;M;;;;;;;;;;
1808994360879;Diana;Sušanj;1994-08-18;;Begovača;43233;Z;;;;;;;;;;
1606993360947;Karmen;Petrović;1993-06-16;;Begovača;43233;Z;;;;;;;;;;
1110998360935;Diana;Kostrenčić;1998-10-11;;Begovača;43233;Z;;;;;;;;;;
510997360752;Igor;Ugrina;1997-10-05;;Begovača;43233;M;;;;;;;;;;
1012992360823;Diana;Petrović;1992-12-10;;Begovača;43233;Z;;;;;;;;;;
2005990360982;Petra;Petrović;1990-05-20;;Begovača;43233;Z;;;;;;;;;;
403992360673;Valentina;Ugrina;1992-03-04;;Begovača;43233;Z;;;;;;;;;;
1301992360158;Slaven;Ugrina;1992-01-13;;Begovača;43233;M;;;;;;;;;;
2107991360239;Valentina;Petrović;1991-07-21;;Begovača;43233;Z;;;;;;;;;;
710991360548;Ines;Hasić;1991-10-07;;Begovača;43233;Z;;;;;;;;;;
109991360226;Igor;Frančić;1991-09-01;;Begovača;43233;M;;;;;;;;;;
412991360810;Valentina;Bokulić;1991-12-04;;Begovača;43233;Z;;;;;;;;;;
1007992360210;Vanja;Sušanj;1992-07-10;;Begovača;43233;M;;;;;;;;;;
2906994360170;Ana;Štajduhar;1994-06-29;;Begovača;43233;Z;;;;;;;;;;
1305994360560;Zoran;Frančić;1994-05-13;;Begovača;43233;M;;;;;;;;;;
1501995360097;Viktor;Graovac;1995-01-15;;Begovača;43233;M;;;;;;;;;;
1208995360081;Marko;Vincetić;1995-08-12;;Begovača;43233;M;;;;;;;;;;
2301992360700;Igor;Marković;1992-01-23;;Begovača;43233;M;;;;;;;;;;
1606995360695;Marin;Štajduhar;1995-06-16;;Begovača;43233;M;;;;;;;;;;
805996360226;Pero;Marković;1996-05-08;;Begovača;43233;M;;;;;;;;;;
706995360156;Jakov;Pavković;1995-06-07;;Begovača;43233;M;;;;;;;;;;
1805989360902;Ivan;Hasić;1989-05-18;;Begovača;43233;M;;;;;;;;;;
1711989360611;Diana;Hasić;1989-11-17;;Begovača;43233;Z;;;;;;;;;;
2606995360775;Karmen;Marić;1995-06-26;;Begovača;43233;Z;;;;;;;;;;
703996360847;Željko;Štajduhar;1996-03-07;;Begovača;43233;M;;;;;;;;;;
2311993360573;Ivan;Todeskini;1993-11-23;;Begovača;43233;M;;;;;;;;;;
904990360697;Pero;Ugrina;1990-04-09;;Begovača;43233;M;;;;;;;;;;
1411990360341;Mila;Petrović;1990-11-14;;Begovača;43233;Z;;;;;;;;;;
1808990360530;Karmen;Bokulić;1990-08-18;;Begovača;43233;Z;;;;;;;;;;
1305990360513;Ines;Štajduhar;1990-05-13;;Begovača;43233;Z;;;;;;;;;;
2212989360939;Zoran;Antić;1989-12-22;;Begovača;43233;M;;;;;;;;;;
701990360498;Natko;Mandić;1990-01-07;;Begovača;43233;M;;;;;;;;;;
711992360521;Petra;Marić;1992-11-07;;Begovača;43233;Z;;;;;;;;;;
1703993360174;Mario;Hasić;1993-03-17;;Begovača;43233;M;;;;;;;;;;
3003991360087;Iva;Koraca;1991-03-30;;Begovača;43233;Z;;;;;;;;;;
1207999360131;Jakov;Todeskini;1999-07-12;;Begovača;43233;M;;;;;;;;;;
2708993360142;Petra;Koraca;1993-08-27;;Begovača;43233;Z;;;;;;;;;;
2510996360791;Petra;Bokulić;1996-10-25;;Begovača;43233;Z;;;;;;;;;;
202992360284;Diana;Todeskini;1992-02-02;;Begovača;43233;Z;;;;;;;;;;
1406990360853;Ivana;Ugrina;1990-06-14;;Begovača;43233;Z;;;;;;;;;;
2309998360939;Marko;Antić;1998-09-23;;Begovača;43233;M;;;;;;;;;;
2709993360513;Valentina;Antić;1993-09-27;;Begovača;43233;Z;;;;;;;;;;
2005999360462;Zoran;Valentić;1999-05-20;;Begovača;43233;M;;;;;;;;;;
3012996360300;Ivana;Vincetić;1996-12-30;;Begovača;43233;Z;;;;;;;;;;
707990360900;Ines;Mandić;1990-07-07;;Begovača;43233;Z;;;;;;;;;;
505993360265;Karmen;Pavković;1993-05-05;;Begovača;43233;Z;;;;;;;;;;
1104995360474;Karmen;Mandić;1995-04-11;;Begovača;43233;Z;;;;;;;;;;
2502996360625;Petra;Štajduhar;1996-02-25;;Begovača;43233;Z;;;;;;;;;;
1412995360103;Ivan;Štajduhar;1995-12-14;;Begovača;43233;M;;;;;;;;;;
1307995360832;Diana;Ugrina;1995-07-13;;Begovača;43233;Z;;;;;;;;;;
406996360886;Slaven;Pavković;1996-06-04;;Begovača;43233;M;;;;;;;;;;
3101989360224;Ivana;Valentić;1989-01-31;;Begovača;43233;Z;;;;;;;;;;
1509997360660;Ines;Štajduhar;1997-09-15;;Begovača;43233;Z;;;;;;;;;;
1904991360293;Igor;Koraca;1991-04-19;;Begovača;43233;M;;;;;;;;;;
802997360266;Karmen;Mandić;1997-02-08;;Begovača;43233;Z;;;;;;;;;;
3101989360898;Igor;Sušanj;1989-01-31;;Begovača;43233;M;;;;;;;;;;
1002997360640;Petar;Todeskini;1997-02-10;;Begovača;43233;M;;;;;;;;;;
2908991360329;Igor;Mandić;1991-08-29;;Begovača;43233;M;;;;;;;;;;
2011994360729;Iva;Graovac;1994-11-20;;Begovača;43233;Z;;;;;;;;;;
1910989360479;Mile;Vincetić;1989-10-19;;Begovača;43233;M;;;;;;;;;;
1909992360037;Igor;Štajduhar;1992-09-19;;Begovača;43233;M;;;;;;;;;;
2210990360297;Igor;Frančić;1990-10-22;;Begovača;43233;M;;;;;;;;;;
2807991360382;Ivana;Kostrenčić;1991-07-28;;Begovača;43233;Z;;;;;;;;;;
206997360555;Karmen;Mandić;1997-06-02;;Begovača;43233;Z;;;;;;;;;;
2405995360612;Marin;Ugrina;1995-05-24;;Begovača;43233;M;;;;;;;;;;
3004999360592;Natko;Bokulić;1999-04-30;;Begovača;43233;M;;;;;;;;;;
1012992360668;Viktor;Petrović;1992-12-10;;Begovača;43233;M;;;;;;;;;;
910995360086;Marin;Sušanj;1995-10-09;;Begovača;43233;M;;;;;;;;;;
2405996360633;Ines;Valentić;1996-05-24;;Begovača;43233;Z;;;;;;;;;;
403995360843;Ana;Antić;1995-03-04;;Begovača;43233;Z;;;;;;;;;;
2707994360955;Mila;Todeskini;1994-07-27;;Begovača;43233;Z;;;;;;;;;;
304998360923;Vanja;Sušanj;1998-04-03;;Begovača;43233;M;;;;;;;;;;
809999360159;Karmen;Pavković;1999-09-08;;Begovača;43233;Z;;;;;;;;;;
204995360623;Petar;Hasić;1995-04-02;;Begovača;43233;M;;;;;;;;;;
1408996360666;Nataša;Graovac;1996-08-14;;Begovača;43233;Z;;;;;;;;;;
106993360709;Ines;Marković;1993-06-01;;Begovača;43233;Z;;;;;;;;;;
810993360068;Pero;Perić;1993-10-08;;Begovača;43233;M;;;;;;;;;;
1307994360717;Viktor;Sušanj;1994-07-13;;Begovača;43233;M;;;;;;;;;;
1312992360402;Viktor;Todeskini;1992-12-13;;Begovača;43233;M;;;;;;;;;;
803998360342;Diana;Vincetić;1998-03-08;;Begovača;43233;Z;;;;;;;;;;
411995360655;Ana;Todeskini;1995-11-04;;Begovača;43233;Z;;;;;;;;;;
505997360776;Ines;Valentić;1997-05-05;;Begovača;43233;Z;;;;;;;;;;
504998360309;Marin;Koraca;1998-04-05;;Begovača;43233;M;;;;;;;;;;
2105997360346;Zoran;Koraca;1997-05-21;;Begovača;43233;M;;;;;;;;;;
1002997360649;Ana;Petrović;1997-02-10;;Begovača;43233;Z;;;;;;;;;;
2511998360355;Pero;Pavković;1998-11-25;;Begovača;43233;M;;;;;;;;;;
1704990360516;Igor;Pavković;1990-04-17;;Begovača;43233;M;;;;;;;;;;
2608995360265;Valentina;Petrović;1995-08-26;;Begovača;43233;Z;;;;;;;;;;
3102999360561;Ivana;Antić;;;Begovača;43233;Z;;;;;;;;;;
207995360097;Jakov;Ugrina;1995-07-02;;Begovača;43233;M;;;;;;;;;;
1210994360788;Željko;Sušanj;1994-10-12;;Begovača;43233;M;;;;;;;;;;
601998360494;Karmen;Pavković;1998-01-06;;Begovača;43233;Z;;;;;;;;;;
2102999360393;Petra;Marković;1999-02-21;;Begovača;43233;Z;;;;;;;;;;
2606997360336;Marin;Sušanj;1997-06-26;;Begovača;43233;M;;;;;;;;;;
1303991360874;Petar;Frančić;1991-03-13;;Begovača;43233;M;;;;;;;;;;
606989360935;Petar;Mandić;1989-06-06;;Begovača;43233;M;;;;;;;;;;
2107997360252;Petar;Antić;1997-07-21;;Begovača;43233;M;;;;;;;;;;
2108995360814;Nikola;Štajduhar;1995-08-21;;Begovača;43233;M;;;;;;;;;;
1106998360272;Mile;Štajduhar;1998-06-11;;Begovača;43233;M;;;;;;;;;;
412996360888;Jakov;Marić;1996-12-04;;Begovača;43233;M;;;;;;;;;;
1905993360909;Nikola;Ugrina;1993-05-19;;Begovača;43233;M;;;;;;;;;;
708993360116;Karmen;Vincetić;1993-08-07;;Begovača;43233;Z;;;;;;;;;;
903998360399;Nataša;Perić;1998-03-09;;Begovača;43233;Z;;;;;;;;;;
2702995360621;Ivana;Vincetić;1995-02-27;;Begovača;43233;Z;;;;;;;;;;
2602989360413;Mila;Sušanj;1989-02-26;;Begovača;43233;Z;;;;;;;;;;
305993360488;Mario;Kostrenčić;1993-05-03;;Begovača;43233;M;;;;;;;;;;
3103992360362;Petar;Kostrenčić;1992-03-31;;Begovača;43233;M;;;;;;;;;;
1612994360694;Jakov;Koraca;1994-12-16;;Begovača;43233;M;;;;;;;;;;
1511993360191;Manuela;Pavković;1993-11-15;;Begovača;43233;Z;;;;;;;;;;
1807990360688;Jakov;Kostrenčić;1990-07-18;;Begovača;43233;M;;;;;;;;;;
1206992360038;Marin;Kostrenčić;1992-06-12;;Begovača;43233;M;;;;;;;;;;
208998360224;Ines;Marković;1998-08-02;;Begovača;43233;Z;;;;;;;;;;
2804994360179;Petar;Sušanj;1994-04-28;;Begovača;43233;M;;;;;;;;;;
2304998360637;Iva;Graovac;1998-04-23;;Begovača;43233;Z;;;;;;;;;;
2802999360794;Ivan;Petrović;1999-02-28;;Begovača;43233;M;;;;;;;;;;
2709998360313;Ines;Pavković;1998-09-27;;Begovača;43233;Z;;;;;;;;;;
2410992360821;Mila;Valentić;1992-10-24;;Begovača;43233;Z;;;;;;;;;;
2609994360668;Petra;Štajduhar;1994-09-26;;Begovača;43233;Z;;;;;;;;;;
912992360571;Manuela;Nekić;1992-12-09;;Begovača;43233;Z;;;;;;;;;;
406990360900;Zoran;Koraca;1990-06-04;;Begovača;43233;M;;;;;;;;;;
1112993360266;Nikola;Perić;1993-12-11;;Begovača;43233;M;;;;;;;;;;
803990360158;Ana;Koraca;1990-03-08;;Begovača;43233;Z;;;;;;;;;;
101999360659;Petra;Kostrenčić;1999-01-01;;Begovača;43233;Z;;;;;;;;;;
2802993360898;Diana;Valentić;1993-02-28;;Begovača;43233;Z;;;;;;;;;;
302999360821;Ana;Nekić;1999-02-03;;Begovača;43233;Z;;;;;;;;;;
2707998360026;Valentina;Vincetić;1998-07-27;;Begovača;43233;Z;;;;;;;;;;
1504989360552;Ivana;Ugrina;1989-04-15;;Begovača;43233;Z;;;;;;;;;;
2706992360572;Jakov;Petrović;1992-06-27;;Begovača;43233;M;;;;;;;;;;
2208992360338;Zoran;Frančić;1992-08-22;;Begovača;43233;M;;;;;;;;;;
412989360635;Željko;Kostrenčić;1989-12-04;;Begovača;43233;M;;;;;;;;;;
2606990360839;Ana;Valentić;1990-06-26;;Begovača;43233;Z;;;;;;;;;;
712993360831;Mile;Sušanj;1993-12-07;;Begovača;43233;M;;;;;;;;;;
1101992360903;Igor;Koraca;1992-01-11;;Begovača;43233;M;;;;;;;;;;
312993360258;Mario;Kostrenčić;1993-12-03;;Begovača;43233;M;;;;;;;;;;
2809990360198;Natko;Pavković;1990-09-28;;Begovača;43233;M;;;;;;;;;;
2310997360527;Igor;Antić;1997-10-23;;Begovača;43233;M;;;;;;;;;;
605995360753;Ana;Perić;1995-05-06;;Begovača;43233;Z;;;;;;;;;;
1702992360341;Milan;Perić;1992-02-17;;Begovača;43233;M;;;;;;;;;;
1304990360467;Vanja;Sušanj;1990-04-13;;Begovača;43233;M;;;;;;;;;;
1907989360952;Mario;Marić;1989-07-19;;Begovača;43233;M;;;;;;;;;;
2204999360251;Valentina;Todeskini;1999-04-22;;Begovača;43233;Z;;;;;;;;;;
207997360923;Manuela;Hasić;1997-07-02;;Begovača;43233;Z;;;;;;;;;;
1205989360866;Valentina;Koraca;1989-05-12;;Begovača;43233;Z;;;;;;;;;;
2612991360459;Željko;Marić;1991-12-26;;Begovača;43233;M;;;;;;;;;;
2702999360897;Zoran;Petrović;1999-02-27;;Begovača;43233;M;;;;;;;;;;
2407996360219;Natko;Štajduhar;1996-07-24;;Begovača;43233;M;;;;;;;;;;
1207994360443;Iva;Kostrenčić;1994-07-12;;Begovača;43233;Z;;;;;;;;;;
1903994360076;Petra;Perić;1994-03-19;;Begovača;43233;Z;;;;;;;;;;
2305992360413;Mila;Marić;1992-05-23;;Begovača;43233;Z;;;;;;;;;;
503998360546;Karmen;Koraca;1998-03-05;;Begovača;43233;Z;;;;;;;;;;
1712991360684;Natko;Frančić;1991-12-17;;Begovača;43233;M;;;;;;;;;;
1406993360489;Pero;Graovac;1993-06-14;;Begovača;43233;M;;;;;;;;;;
2703993360720;Manuela;Petrović;1993-03-27;;Begovača;43233;Z;;;;;;;;;;
910990360119;Milan;Marković;1990-10-09;;Begovača;43233;M;;;;;;;;;;
2010989360961;Valentina;Perić;1989-10-20;;Begovača;43233;Z;;;;;;;;;;
611996360869;Viktor;Nekić;1996-11-06;;Begovača;43233;M;;;;;;;;;;
1105996360156;Željko;Kostrenčić;1996-05-11;;Begovača;43233;M;;;;;;;;;;
3103990360156;Diana;Hasić;1990-03-31;;Begovača;43233;Z;;;;;;;;;;
2606992360328;Marko;Štajduhar;1992-06-26;;Begovača;43233;M;;;;;;;;;;
2708989360950;Petra;Antić;1989-08-27;;Begovača;43233;Z;;;;;;;;;;
105993360566;Manuela;Kostrenčić;1993-05-01;;Begovača;43233;Z;;;;;;;;;;
2803993360728;Zoran;Pavković;1993-03-28;;Begovača;43233;M;;;;;;;;;;
801990360961;Nikola;Sušanj;1990-01-08;;Begovača;43233;M;;;;;;;;;;
908998360914;Marko;Perić;1998-08-09;;Begovača;43233;M;;;;;;;;;;
2012989360956;Valentina;Kostrenčić;1989-12-20;;Begovača;43233;Z;;;;;;;;;;
703990360406;Nataša;Perić;1990-03-07;;Begovača;43233;Z;;;;;;;;;;
2405993360332;Natko;Koraca;1993-05-24;;Begovača;43233;M;;;;;;;;;;
504990360432;Manuela;Koraca;1990-04-05;;Begovača;43233;Z;;;;;;;;;;
304997360375;Vanja;Štajduhar;1997-04-03;;Begovača;43233;M;;;;;;;;;;
809998360517;Petra;Vincetić;1998-09-08;;Begovača;43233;Z;;;;;;;;;;
1211993360593;Iva;Koraca;1993-11-12;;Begovača;43233;Z;;;;;;;;;;
303998360060;Milan;Koraca;1998-03-03;;Begovača;43233;M;;;;;;;;;;
2402998360834;Ivan;Valentić;1998-02-24;;Begovača;43233;M;;;;;;;;;;
1112995360170;Karmen;Pavković;1995-12-11;;Begovača;43233;Z;;;;;;;;;;
105996360661;Karmen;Ugrina;1996-05-01;;Begovača;43233;Z;;;;;;;;;;
2007989360485;Petra;Koraca;1989-07-20;;Begovača;43233;Z;;;;;;;;;;
1404997360536;Ivana;Ugrina;1997-04-14;;Begovača;43233;Z;;;;;;;;;;
1012991360522;Ana;Sušanj;1991-12-10;;Begovača;43233;Z;;;;;;;;;;
205997360350;Petra;Pavković;1997-05-02;;Begovača;43233;Z;;;;;;;;;;
2804996360304;Igor;Kostrenčić;1996-04-28;;Begovača;43233;M;;;;;;;;;;
1811999360031;Mile;Vincetić;1999-11-18;;Begovača;43233;M;;;;;;;;;;
1005993360276;Ivan;Perić;1993-05-10;;Begovača;43233;M;;;;;;;;;;
2911997360268;Manuela;Vincetić;1997-11-29;;Begovača;43233;Z;;;;;;;;;;
3008992360981;Viktor;Štajduhar;1992-08-30;;Begovača;43233;M;;;;;;;;;;
1201998360490;Slaven;Hasić;1998-01-12;;Begovača;43233;M;;;;;;;;;;
2902997360674;Valentina;Graovac;;;Begovača;43233;Z;;;;;;;;;;
1711994360040;Vanja;Nekić;1994-11-17;;Begovača;43233;M;;;;;;;;;;
202991360947;Petar;Sušanj;1991-02-02;;Begovača;43233;M;;;;;;;;;;
2311996360251;Mile;Sušanj;1996-11-23;;Begovača;43233;M;;;;;;;;;;
107992360301;Natko;Todeskini;1992-07-01;;Begovača;43233;M;;;;;;;;;;
1610999360528;Viktor;Koraca;1999-10-16;;Begovača;43233;M;;;;;;;;;;
1811991360729;Ivana;Pavković;1991-11-18;;Begovača;43233;Z;;;;;;;;;;
2502993360862;Ivan;Koraca;1993-02-25;;Begovača;43233;M;;;;;;;;;;
2104991360697;Nataša;Štajduhar;1991-04-21;;Begovača;43233;Z;;;;;;;;;;
2302993360424;Ana;Vincetić;1993-02-23;;Begovača;43233;Z;;;;;;;;;;
1206995360985;Diana;Koraca;1995-06-12;;Begovača;43233;Z;;;;;;;;;;
2605993360935;Mario;Koraca;1993-05-26;;Begovača;43233;M;;;;;;;;;;
1804994360429;Mila;Frančić;1994-04-18;;Begovača;43233;Z;;;;;;;;;;
1803995360460;Jakov;Ugrina;1995-03-18;;Begovača;43233;M;;;;;;;;;;
112997360221;Valentina;Nekić;1997-12-01;;Begovača;43233;Z;;;;;;;;;;
208995360344;Petra;Kostrenčić;1995-08-02;;Begovača;43233;Z;;;;;;;;;;
502997360805;Slaven;Antić;1997-02-05;;Begovača;43233;M;;;;;;;;;;
1305994360657;Mario;Hasić;1994-05-13;;Begovača;43233;M;;;;;;;;;;
2906989360703;Ivana;Hasić;1989-06-29;;Begovača;43233;Z;;;;;;;;;;
2911992360804;Marin;Todeskini;1992-11-29;;Begovača;43233;M;;;;;;;;;;
2910997360612;Viktor;Marić;1997-10-29;;Begovača;43233;M;;;;;;;;;;
2207992360996;Milan;Pavković;1992-07-22;;Begovača;43233;M;;;;;;;;;;
901991360524;Petar;Todeskini;1991-01-09;;Begovača;43233;M;;;;;;;;;;
2203992360447;Slaven;Todeskini;1992-03-22;;Begovača;43233;M;;;;;;;;;;
709991360906;Željko;Petrović;1991-09-07;;Begovača;43233;M;;;;;;;;;;
303993360893;Ivana;Štajduhar;1993-03-03;;Begovača;43233;Z;;;;;;;;;;
2912992360658;Željko;Vincetić;1992-12-29;;Begovača;43233;M;;;;;;;;;;
1507989360100;Zoran;Nekić;1989-07-15;;Begovača;43233;M;;;;;;;;;;
1004994360778;Valentina;Marković;1994-04-10;;Begovača;43233;Z;;;;;;;;;;
2209992360828;Nataša;Marić;1992-09-22;;Begovača;43233;Z;;;;;;;;;;
1509993360469;Zoran;Perić;1993-09-15;;Begovača;43233;M;;;;;;;;;;
2611996360228;Marko;Nekić;1996-11-26;;Begovača;43233;M;;;;;;;;;;
1804997360797;Iva;Perić;1997-04-18;;Begovača;43233;Z;;;;;;;;;;
809990360668;Vanja;Valentić;1990-09-08;;Begovača;43233;M;;;;;;;;;;
702997360277;Igor;Ugrina;1997-02-07;;Begovača;43233;M;;;;;;;;;;
2708998360368;Diana;Bokulić;1998-08-27;;Begovača;43233;Z;;;;;;;;;;
809995360537;Željko;Perić;1995-09-08;;Begovača;43233;M;;;;;;;;;;
3110996360154;Karmen;Marić;1996-10-31;;Begovača;43233;Z;;;;;;;;;;
3009991360023;Željko;Graovac;1991-09-30;;Begovača;43233;M;;;;;;;;;;
2107989360529;Željko;Nekić;1989-07-21;;Begovača;43233;M;;;;;;;;;;
2308997360949;Petar;Valentić;1997-08-23;;Begovača;43233;M;;;;;;;;;;
2701997360133;Mila;Bokulić;1997-01-27;;Begovača;43233;Z;;;;;;;;;;
3002997360019;Pero;Kostrenčić;;;Begovača;43233;M;;;;;;;;;;
1208997360174;Milan;Ugrina;1997-08-12;;Begovača;43233;M;;;;;;;;;;
404997360487;Valentina;Bokulić;1997-04-04;;Begovača;43233;Z;;;;;;;;;;
2701989360915;Mario;Nekić;1989-01-27;;Begovača;43233;M;;;;;;;;;;
1303992360547;Iva;Todeskini;1992-03-13;;Begovača;43233;Z;;;;;;;;;;
209992360090;Nikola;Pavković;1992-09-02;;Begovača;43233;M;;;;;;;;;;
2706990360601;Milan;Pavković;1990-06-27;;Begovača;43233;M;;;;;;;;;;
2410991360430;Natko;Vincetić;1991-10-24;;Begovača;43233;M;;;;;;;;;;
2207997360704;Ivan;Todeskini;1997-07-22;;Begovača;43233;M;;;;;;;;;;
1512996360485;Milan;Nekić;1996-12-15;;Begovača;43233;M;;;;;;;;;;
3112999360440;Petar;Nekić;1999-12-31;;Begovača;43233;M;;;;;;;;;;
602989360690;Ivana;Koraca;1989-02-06;;Begovača;43233;Z;;;;;;;;;;
2212998360744;Mario;Graovac;1998-12-22;;Begovača;43233;M;;;;;;;;;;
106998360304;Mario;Perić;1998-06-01;;Begovača;43233;M;;;;;;;;;;
403992360128;Mila;Marković;1992-03-04;;Begovača;43233;Z;;;;;;;;;;
2810991360141;Valentina;Pavković;1991-10-28;;Begovača;43233;Z;;;;;;;;;;
910991360989;Nataša;Ugrina;1991-10-09;;Begovača;43233;Z;;;;;;;;;;
2901993360742;Ivana;Todeskini;1993-01-29;;Begovača;43233;Z;;;;;;;;;;
905996360255;Igor;Sušanj;1996-05-09;;Begovača;43233;M;;;;;;;;;;
2308998360593;Igor;Marić;1998-08-23;;Begovača;43233;M;;;;;;;;;;
507991360448;Ivana;Nekić;1991-07-05;;Begovača;43233;Z;;;;;;;;;;
202992360578;Nataša;Hasić;1992-02-02;;Begovača;43233;Z;;;;;;;;;;
1801993360454;Manuela;Štajduhar;1993-01-18;;Begovača;43233;Z;;;;;;;;;;
802995360304;Ana;Koraca;1995-02-08;;Begovača;43233;Z;;;;;;;;;;
1810992360232;Natko;Mandić;1992-10-18;;Begovača;43233;M;;;;;;;;;;
904990360936;Milan;Štajduhar;1990-04-09;;Begovača;43233;M;;;;;;;;;;
204995360411;Ivana;Hasić;1995-04-02;;Begovača;43233;Z;;;;;;;;;;
3105998360070;Manuela;Marković;1998-05-31;;Begovača;43233;Z;;;;;;;;;;
1002993360747;Milan;Todeskini;1993-02-10;;Begovača;43233;M;;;;;;;;;;
1605999360522;Nikola;Vincetić;1999-05-16;;Begovača;43233;M;;;;;;;;;;
510998360489;Željko;Kostrenčić;1998-10-05;;Begovača;43233;M;;;;;;;;;;
2005995360197;Karmen;Štajduhar;1995-05-20;;Begovača;43233;Z;;;;;;;;;;
1502996360506;Zoran;Nekić;1996-02-15;;Begovača;43233;M;;;;;;;;;;
211995360714;Petra;Todeskini;1995-11-02;;Begovača;43233;Z;;;;;;;;;;
1608998360763;Ines;Bokulić;1998-08-16;;Begovača;43233;Z;;;;;;;;;;
1003992360767;Natko;Perić;1992-03-10;;Begovača;43233;M;;;;;;;;;;
412996360570;Viktor;Mandić;1996-12-04;;Begovača;43233;M;;;;;;;;;;
707997360004;Mile;Hasić;1997-07-07;;Begovača;43233;M;;;;;;;;;;
1303997360184;Željko;Petrović;1997-03-13;;Begovača;43233;M;;;;;;;;;;
2801989360724;Marin;Nekić;1989-01-28;;Begovača;43233;M;;;;;;;;;;
2711990360112;Petar;Ugrina;1990-11-27;;Begovača;43233;M;;;;;;;;;;
1110989360486;Zoran;Nekić;1989-10-11;;Begovača;43233;M;;;;;;;;;;
312998360014;Natko;Mandić;1998-12-03;;Begovača;43233;M;;;;;;;;;;
2907989360823;Diana;Graovac;1989-07-29;;Begovača;43233;Z;;;;;;;;;;
1007992360287;Karmen;Sušanj;1992-07-10;;Begovača;43233;Z;;;;;;;;;;
2512997360984;Nikola;Vincetić;1997-12-25;;Begovača;43233;M;;;;;;;;;;
2801993360906;Igor;Hasić;1993-01-28;;Begovača;43233;M;;;;;;;;;;
2712996360417;Milan;Marić;1996-12-27;;Begovača;43233;M;;;;;;;;;;
411999360448;Viktor;Perić;1999-11-04;;Begovača;43233;M;;;;;;;;;;
910995360618;Mila;Vincetić;1995-10-09;;Begovača;43233;Z;;;;;;;;;;
2102993360492;Natko;Koraca;1993-02-21;;Begovača;43233;M;;;;;;;;;;
610992360008;Ana;Marković;1992-10-06;;Begovača;43233;Z;;;;;;;;;;
2512995360827;Nataša;Ugrina;1995-12-25;;Begovača;43233;Z;;;;;;;;;;
1208991360328;Slaven;Vincetić;1991-08-12;;Begovača;43233;M;;;;;;;;;;
211995360534;Ivana;Petrović;1995-11-02;;Begovača;43233;Z;;;;;;;;;;
1411991360222;Valentina;Graovac;1991-11-14;;Begovača;43233;Z;;;;;;;;;;
2001990360895;Ana;Valentić;1990-01-20;;Begovača;43233;Z;;;;;;;;;;
2705990360206;Mario;Štajduhar;1990-05-27;;Begovača;43233;M;;;;;;;;;;
403991360719;Karmen;Marić;1991-03-04;;Begovača;43233;Z;;;;;;;;;;
1607989360662;Petra;Antić;1989-07-16;;Begovača;43233;Z;;;;;;;;;;
2207998360241;Igor;Marić;1998-07-22;;Begovača;43233;M;;;;;;;;;;
2810991360403;Petra;Kostrenčić;1991-10-28;;Begovača;43233;Z;;;;;;;;;;
1504991360888;Iva;Marić;1991-04-15;;Begovača;43233;Z;;;;;;;;;;
1606994360057;Nikola;Valentić;1994-06-16;;Begovača;43233;M;;;;;;;;;;
506998360732;Pero;Graovac;1998-06-05;;Begovača;43233;M;;;;;;;;;;
207998360348;Ana;Perić;1998-07-02;;Begovača;43233;Z;;;;;;;;;;
3007994360372;Pero;Nekić;1994-07-30;;Begovača;43233;M;;;;;;;;;;
1305997360695;Diana;Pavković;1997-05-13;;Begovača;43233;Z;;;;;;;;;;
204994360284;Jakov;Todeskini;1994-04-02;;Begovača;43233;M;;;;;;;;;;
502999360472;Slaven;Nekić;1999-02-05;;Begovača;43233;M;;;;;;;;;;
2707994360747;Natko;Kostrenčić;1994-07-27;;Begovača;43233;M;;;;;;;;;;
2011995360566;Petar;Nekić;1995-11-20;;Begovača;43233;M;;;;;;;;;;
2401989360496;Igor;Kostrenčić;1989-01-24;;Begovača;43233;M;;;;;;;;;;
2612999360311;Natko;Kostrenčić;1999-12-26;;Begovača;43233;M;;;;;;;;;;
1806999360951;Karmen;Valentić;1999-06-18;;Begovača;43233;Z;;;;;;;;;;
2609991360971;Diana;Hasić;1991-09-26;;Begovača;43233;Z;;;;;;;;;;
106999360433;Milan;Mandić;1999-06-01;;Begovača;43233;M;;;;;;;;;;
2306995360560;Pero;Ugrina;1995-06-23;;Begovača;43233;M;;;;;;;;;;
3111999360602;Ines;Štajduhar;;;Begovača;43233;Z;;;;;;;;;;
1111996360241;Zoran;Pavković;1996-11-11;;Begovača;43233;M;;;;;;;;;;
312992360402;Natko;Perić;1992-12-03;;Begovača;43233;M;;;;;;;;;;
2807998360231;Karmen;Štajduhar;1998-07-28;;Begovača;43233;Z;;;;;;;;;;
901996360561;Diana;Petrović;1996-01-09;;Begovača;43233;Z;;;;;;;;;;
1610995360867;Ines;Antić;1995-10-16;;Begovača;43233;Z;;;;;;;;;;
1301995360347;Pero;Bokulić;1995-01-13;;Begovača;43233;M;;;;;;;;;;
508999360583;Milan;Nekić;1999-08-05;;Begovača;43233;M;;;;;;;;;;
505992360446;Ivana;Hasić;1992-05-05;;Begovača;43233;Z;;;;;;;;;;
1305994360776;Ana;Petrović;1994-05-13;;Begovača;43233;Z;;;;;;;;;;
1411998360589;Petra;Valentić;1998-11-14;;Begovača;43233;Z;;;;;;;;;;
110992360006;Diana;Todeskini;1992-10-01;;Begovača;43233;Z;;;;;;;;;;
3111995360155;Slaven;Hasić;;;Begovača;43233;M;;;;;;;;;;
3003990360441;Zoran;Antić;1990-03-30;;Begovača;43233;M;;;;;;;;;;
1505990360679;Mila;Hasić;1990-05-15;;Begovača;43233;Z;;;;;;;;;;
1502990360001;Pero;Todeskini;1990-02-15;;Begovača;43233;M;;;;;;;;;;
2304999360152;Ivana;Perić;1999-04-23;;Begovača;43233;Z;;;;;;;;;;
808999360996;Viktor;Perić;1999-08-08;;Begovača;43233;M;;;;;;;;;;
1912998360903;Valentina;Kostrenčić;1998-12-19;;Begovača;43233;Z;;;;;;;;;;
601990360282;Petra;Vincetić;1990-01-06;;Begovača;43233;Z;;;;;;;;;;
1108999360426;Željko;Nekić;1999-08-11;;Begovača;43233;M;;;;;;;;;;
708994360094;Vanja;Graovac;1994-08-07;;Begovača;43233;M;;;;;;;;;;
602991360761;Marko;Todeskini;1991-02-06;;Begovača;43233;M;;;;;;;;;;
2205993360059;Nataša;Frančić;1993-05-22;;Begovača;43233;Z;;;;;;;;;;
2112995360397;Jakov;Sušanj;1995-12-21;;Begovača;43233;M;;;;;;;;;;
2110996360791;Ivan;Valentić;1996-10-21;;Begovača;43233;M;;;;;;;;;;
206995360075;Slaven;Valentić;1995-06-02;;Begovača;43233;M;;;;;;;;;;
208998360719;Mile;Marić;1998-08-02;;Begovača;43233;M;;;;;;;;;;
2506992360567;Iva;Štajduhar;1992-06-25;;Begovača;43233;Z;;;;;;;;;;
2309990360926;Mila;Štajduhar;1990-09-23;;Begovača;43233;Z;;;;;;;;;;
410991360061;Ines;Marković;1991-10-04;;Begovača;43233;Z;;;;;;;;;;
501991360938;Manuela;Kostrenčić;1991-01-05;;Begovača;43233;Z;;;;;;;;;;
1809990360246;Manuela;Ugrina;1990-09-18;;Begovača;43233;Z;;;;;;;;;;
2206990360122;Petar;Štajduhar;1990-06-22;;Begovača;43233;M;;;;;;;;;;
607997360076;Diana;Hasić;1997-07-06;;Begovača;43233;Z;;;;;;;;;;
2308996360247;Ana;Marić;1996-08-23;;Begovača;43233;Z;;;;;;;;;;
106998360612;Natko;Koraca;1998-06-01;;Begovača;43233;M;;;;;;;;;;
1904992360251;Viktor;Marković;1992-04-19;;Begovača;43233;M;;;;;;;;;;
3109992360635;Ana;Sušanj;;;Begovača;43233;Z;;;;;;;;;;
3108989360881;Manuela;Ugrina;1989-08-31;;Begovača;43233;Z;;;;;;;;;;
3107996360910;Marko;Bokulić;1996-07-31;;Begovača;43233;M;;;;;;;;;;
909998360610;Pero;Vincetić;1998-09-09;;Begovača;43233;M;;;;;;;;;;
3104998360008;Valentina;Antić;;;Begovača;43233;Z;;;;;;;;;;
1903992360227;Manuela;Štajduhar;1992-03-19;;Begovača;43233;Z;;;;;;;;;;
1711993360435;Ivan;Koraca;1993-11-17;;Begovača;43233;M;;;;;;;;;;
412990360398;Karmen;Valentić;1990-12-04;;Begovača;43233;Z;;;;;;;;;;
2112990360763;Željko;Graovac;1990-12-21;;Begovača;43233;M;;;;;;;;;;
503995360921;Zoran;Pavković;1995-03-05;;Begovača;43233;M;;;;;;;;;;
1510992360018;Natko;Todeskini;1992-10-15;;Begovača;43233;M;;;;;;;;;;
1506991360367;Ivana;Marić;1991-06-15;;Begovača;43233;Z;;;;;;;;;;
2309994360256;Ana;Hasić;1994-09-23;;Begovača;43233;Z;;;;;;;;;;
1905995360082;Valentina;Antić;1995-05-19;;Begovača;43233;Z;;;;;;;;;;
511999360644;Marin;Graovac;1999-11-05;;Begovača;43233;M;;;;;;;;;;
912994360734;Milan;Petrović;1994-12-09;;Begovača;43233;M;;;;;;;;;;
2408990360979;Iva;Mandić;1990-08-24;;Begovača;43233;Z;;;;;;;;;;
1301998360553;Igor;Pavković;1998-01-13;;Begovača;43233;M;;;;;;;;;;
3009990360698;Mila;Pavković;1990-09-30;;Begovača;43233;Z;;;;;;;;;;
1509992360281;Petra;Valentić;1992-09-15;;Begovača;43233;Z;;;;;;;;;;
2208990360902;Diana;Pavković;1990-08-22;;Begovača;43233;Z;;;;;;;;;;
1111999360864;Valentina;Marić;1999-11-11;;Begovača;43233;Z;;;;;;;;;;
1002993360475;Mila;Štajduhar;1993-02-10;;Begovača;43233;Z;;;;;;;;;;
1911989360124;Mila;Petrović;1989-11-19;;Begovača;43233;Z;;;;;;;;;;
1911994360629;Ivana;Štajduhar;1994-11-19;;Begovača;43233;Z;;;;;;;;;;
2310991360164;Natko;Frančić;1991-10-23;;Begovača;43233;M;;;;;;;;;;
2312991360157;Igor;Nekić;1991-12-23;;Begovača;43233;M;;;;;;;;;;
2705997360158;Viktor;Bokulić;1997-05-27;;Begovača;43233;M;;;;;;;;;;
1606995360304;Vanja;Antić;1995-06-16;;Begovača;43233;M;;;;;;;;;;
211989360727;Mila;Marić;1989-11-02;;Begovača;43233;Z;;;;;;;;;;
1608995360197;Manuela;Marić;1995-08-16;;Begovača;43233;Z;;;;;;;;;;
3004996360326;Ines;Perić;1996-04-30;;Begovača;43233;Z;;;;;;;;;;
2112998360077;Natko;Vincetić;1998-12-21;;Begovača;43233;M;;;;;;;;;;
1906998360729;Vanja;Mandić;1998-06-19;;Begovača;43233;M;;;;;;;;;;
1203989360301;Pero;Kostrenčić;1989-03-12;;Begovača;43233;M;;;;;;;;;;
2205989360065;Milan;Štajduhar;1989-05-22;;Begovača;43233;M;;;;;;;;;;
1108995360448;Ana;Marković;1995-08-11;;Begovača;43233;Z;;;;;;;;;;
1401989360495;Mila;Valentić;1989-01-14;;Begovača;43233;Z;;;;;;;;;;
2309991360467;Milan;Valentić;1991-09-23;;Begovača;43233;M;;;;;;;;;;
311994360724;Ivana;Graovac;1994-11-03;;Begovača;43233;Z;;;;;;;;;;
2407996360007;Željko;Nekić;1996-07-24;;Begovača;43233;M;;;;;;;;;;
1201992360176;Viktor;Sušanj;1992-01-12;;Begovača;43233;M;;;;;;;;;;
506990360829;Mario;Graovac;1990-06-05;;Begovača;43233;M;;;;;;;;;;
410997360215;Viktor;Hasić;1997-10-04;;Begovača;43233;M;;;;;;;;;;
512997360724;Nataša;Štajduhar;1997-12-05;;Begovača;43233;Z;;;;;;;;;;
1601997360353;Valentina;Kostrenčić;1997-01-16;;Begovača;43233;Z;;;;;;;;;;
1104991360976;Iva;Koraca;1991-04-11;;Begovača;43233;Z;;;;;;;;;;
1703989360646;Petra;Koraca;1989-03-17;;Begovača;43233;Z;;;;;;;;;;
1006994360524;Igor;Bokulić;1994-06-10;;Begovača;43233;M;;;;;;;;;;
1803989360911;Ivan;Pavković;1989-03-18;;Begovača;43233;M;;;;;;;;;;
1311999360046;Ana;Bokulić;1999-11-13;;Begovača;43233;Z;;;;;;;;;;
2105990360743;Ines;Štajduhar;1990-05-21;;Begovača;43233;Z;;;;;;;;;;
902994360006;Petar;Valentić;1994-02-09;;Begovača;43233;M;;;;;;;;;;
1108990360378;Diana;Bokulić;1990-08-11;;Begovača;43233;Z;;;;;;;;;;
212995360643;Igor;Marković;1995-12-02;;Begovača;43233;M;;;;;;;;;;
2604998360653;Ana;Nekić;1998-04-26;;Begovača;43233;Z;;;;;;;;;;
705995360540;Ivan;Štajduhar;1995-05-07;;Begovača;43233;M;;;;;;;;;;
2612991360578;Zoran;Nekić;1991-12-26;;Begovača;43233;M;;;;;;;;;;
1603999360486;Manuela;Sušanj;1999-03-16;;Begovača;43233;Z;;;;;;;;;;
1405990360077;Petra;Ugrina;1990-05-14;;Begovača;43233;Z;;;;;;;;;;
2809995360799;Manuela;Koraca;1995-09-28;;Begovača;43233;Z;;;;;;;;;;
807999360030;Jakov;Frančić;1999-07-08;;Begovača;43233;M;;;;;;;;;;
804993360182;Željko;Frančić;1993-04-08;;Begovača;43233;M;;;;;;;;;;
1509994360383;Marko;Sušanj;1994-09-15;;Begovača;43233;M;;;;;;;;;;
2004995360597;Petar;Vincetić;1995-04-20;;Begovača;43233;M;;;;;;;;;;
2812992360661;Mario;Graovac;1992-12-28;;Begovača;43233;M;;;;;;;;;;
1207997360381;Ivan;Marić;1997-07-12;;Begovača;43233;M;;;;;;;;;;
2802998360392;Slaven;Mandić;1998-02-28;;Begovača;43233;M;;;;;;;;;;
1404997360016;Iva;Bokulić;1997-04-14;;Begovača;43233;Z;;;;;;;;;;
2104995360576;Petra;Vincetić;1995-04-21;;Begovača;43233;Z;;;;;;;;;;
1502995360407;Diana;Marković;1995-02-15;;Begovača;43233;Z;;;;;;;;;;
1809992360108;Milan;Bokulić;1992-09-18;;Begovača;43233;M;;;;;;;;;;
2709991360997;Ana;Graovac;1991-09-27;;Begovača;43233;Z;;;;;;;;;;
2008999360989;Ines;Nekić;1999-08-20;;Begovača;43233;Z;;;;;;;;;;
1104999360744;Zoran;Bokulić;1999-04-11;;Begovača;43233;M;;;;;;;;;;
1011996360339;Karmen;Koraca;1996-11-10;;Begovača;43233;Z;;;;;;;;;;
1707999360831;Pero;Petrović;1999-07-17;;Begovača;43233;M;;;;;;;;;;
1208994360404;Manuela;Marković;1994-08-12;;Begovača;43233;Z;;;;;;;;;;
2609992360038;Ivan;Graovac;1992-09-26;;Begovača;43233;M;;;;;;;;;;
107995360176;Igor;Koraca;1995-07-01;;Begovača;43233;M;;;;;;;;;;
1710989360894;Diana;Marković;1989-10-17;;Begovača;43233;Z;;;;;;;;;;
2004992360161;Ana;Bokulić;1992-04-20;;Begovača;43233;Z;;;;;;;;;;
2911996360480;Mario;Marić;1996-11-29;;Begovača;43233;M;;;;;;;;;;
3103999360993;Natko;Mandić;1999-03-31;;Begovača;43233;M;;;;;;;;;;
1611997360662;Ines;Todeskini;1997-11-16;;Begovača;43233;Z;;;;;;;;;;
3011996360752;Mario;Petrović;1996-11-30;;Begovača;43233;M;;;;;;;;;;
412999360897;Iva;Bokulić;1999-12-04;;Begovača;43233;Z;;;;;;;;;;
1811992360156;Ivana;Nekić;1992-11-18;;Begovača;43233;Z;;;;;;;;;;
1301995360888;Vanja;Marić;1995-01-13;;Begovača;43233;M;;;;;;;;;;
2308989360790;Iva;Marić;1989-08-23;;Begovača;43233;Z;;;;;;;;;;
804994360467;Nataša;Bokulić;1994-04-08;;Begovača;43233;Z;;;;;;;;;;
2311994360819;Marin;Mandić;1994-11-23;;Begovača;43233;M;;;;;;;;;;
603992360578;Karmen;Perić;1992-03-06;;Begovača;43233;Z;;;;;;;;;;
503997360983;Petra;Graovac;1997-03-05;;Begovača;43233;Z;;;;;;;;;;
1801989360800;Željko;Petrović;1989-01-18;;Begovača;43233;M;;;;;;;;;;
905997360477;Ivana;Kostrenčić;1997-05-09;;Begovača;43233;Z;;;;;;;;;;
2506989360745;Ana;Pavković;1989-06-25;;Begovača;43233;Z;;;;;;;;;;
2911994360409;Karmen;Valentić;1994-11-29;;Begovača;43233;Z;;;;;;;;;;
910994360269;Ivan;Frančić;1994-10-09;;Begovača;43233;M;;;;;;;;;;
107991360408;Ines;Koraca;1991-07-01;;Begovača;43233;Z;;;;;;;;;;
502997360057;Valentina;Petrović;1997-02-05;;Begovača;43233;Z;;;;;;;;;;
1010997360331;Zoran;Marić;1997-10-10;;Begovača;43233;M;;;;;;;;;;
2811997360446;Natko;Perić;1997-11-28;;Begovača;43233;M;;;;;;;;;;
1506992360877;Ivan;Štajduhar;1992-06-15;;Begovača;43233;M;;;;;;;;;;
2207991360499;Željko;Koraca;1991-07-22;;Begovača;43233;M;;;;;;;;;;
1111997360735;Mila;Frančić;1997-11-11;;Begovača;43233;Z;;;;;;;;;;
3002990360280;Viktor;Sušanj;;;Begovača;43233;M;;;;;;;;;;
1405992360473;Ana;Sušanj;1992-05-14;;Begovača;43233;Z;;;;;;;;;;
1207995360866;Karmen;Sušanj;1995-07-12;;Begovača;43233;Z;;;;;;;;;;
2806992360669;Natko;Kostrenčić;1992-06-28;;Begovača;43233;M;;;;;;;;;;
403996360308;Željko;Antić;1996-03-04;;Begovača;43233;M;;;;;;;;;;
1704996360240;Igor;Todeskini;1996-04-17;;Begovača;43233;M;;;;;;;;;;
2602991360149;Marin;Vincetić;1991-02-26;;Begovača;43233;M;;;;;;;;;;
704991360762;Ivana;Marić;1991-04-07;;Begovača;43233;Z;;;;;;;;;;
1908998360456;Iva;Ugrina;1998-08-19;;Begovača;43233;Z;;;;;;;;;;
2008995360859;Marko;Perić;1995-08-20;;Begovača;43233;M;;;;;;;;;;
2206990360597;Ana;Hasić;1990-06-22;;Begovača;43233;Z;;;;;;;;;;
2809998360984;Diana;Sušanj;1998-09-28;;Begovača;43233;Z;;;;;;;;;;
1207994360779;Ivana;Štajduhar;1994-07-12;;Begovača;43233;Z;;;;;;;;;;
208996360931;Milan;Petrović;1996-08-02;;Begovača;43233;M;;;;;;;;;;
304999360813;Mila;Graovac;1999-04-03;;Begovača;43233;Z;;;;;;;;;;
2405989360128;Zoran;Perić;1989-05-24;;Begovača;43233;M;;;;;;;;;;
310997360765;Ines;Frančić;1997-10-03;;Begovača;43233;Z;;;;;;;;;;
208999360603;Željko;Vincetić;1999-08-02;;Begovača;43233;M;;;;;;;;;;
2403993360821;Pero;Bokulić;1993-03-24;;Begovača;43233;M;;;;;;;;;;
1012991360217;Jakov;Sušanj;1991-12-10;;Begovača;43233;M;;;;;;;;;;
1904997360901;Karmen;Vincetić;1997-04-19;;Begovača;43233;Z;;;;;;;;;;
1807998360642;Ines;Hasić;1998-07-18;;Begovača;43233;Z;;;;;;;;;;
410999360453;Diana;Kostrenčić;1999-10-04;;Begovača;43233;Z;;;;;;;;;;
105992360508;Igor;Sušanj;1992-05-01;;Begovača;43233;M;;;;;;;;;;
1808998360324;Ines;Valentić;1998-08-18;;Begovača;43233;Z;;;;;;;;;;
1311992360040;Mario;Marić;1992-11-13;;Begovača;43233;M;;;;;;;;;;
612993360953;Nataša;Kostrenčić;1993-12-06;;Begovača;43233;Z;;;;;;;;;;
2801994360357;Ivan;Nekić;1994-01-28;;Begovača;43233;M;;;;;;;;;;
2503994360360;Mile;Valentić;1994-03-25;;Begovača;43233;M;;;;;;;;;;
1608998360987;Zoran;Perić;1998-08-16;;Begovača;43233;M;;;;;;;;;;
1110998360781;Nataša;Koraca;1998-10-11;;Begovača;43233;Z;;;;;;;;;;
2003991360337;Petar;Ugrina;1991-03-20;;Begovača;43233;M;;;;;;;;;;
2904990360584;Nataša;Petrović;1990-04-29;;Begovača;43233;Z;;;;;;;;;;
707993360236;Karmen;Petrović;1993-07-07;;Begovača;43233;Z;;;;;;;;;;
1704994360398;Slaven;Todeskini;1994-04-17;;Begovača;43233;M;;;;;;;;;;
403993360610;Ivana;Pavković;1993-03-04;;Begovača;43233;Z;;;;;;;;;;
2603990360586;Valentina;Graovac;1990-03-26;;Begovača;43233;Z;;;;;;;;;;
904996360155;Nataša;Marković;1996-04-09;;Begovača;43233;Z;;;;;;;;;;
1912990360509;Natko;Nekić;1990-12-19;;Begovača;43233;M;;;;;;;;;;
201989360027;Ivan;Vincetić;1989-01-02;;Begovača;43233;M;;;;;;;;;;
1405996360190;Valentina;Štajduhar;1996-05-14;;Begovača;43233;Z;;;;;;;;;;
2512993360562;Nataša;Kostrenčić;1993-12-25;;Begovača;43233;Z;;;;;;;;;;
3111996360962;Nataša;Valentić;;;Begovača;43233;Z;;;;;;;;;;
1402995360821;Igor;Bokulić;1995-02-14;;Begovača;43233;M;;;;;;;;;;
2311989360638;Natko;Štajduhar;1989-11-23;;Begovača;43233;M;;;;;;;;;;
3101999360373;Ana;Marić;1999-01-31;;Begovača;43233;Z;;;;;;;;;;
2504992360665;Ana;Hasić;1992-04-25;;Begovača;43233;Z;;;;;;;;;;
2701993360548;Ivana;Ugrina;1993-01-27;;Begovača;43233;Z;;;;;;;;;;
3012998360384;Valentina;Nekić;1998-12-30;;Begovača;43233;Z;;;;;;;;;;
705993360501;Natko;Todeskini;1993-05-07;;Begovača;43233;M;;;;;;;;;;
2209997360515;Mila;Vincetić;1997-09-22;;Begovača;43233;Z;;;;;;;;;;
1406991360371;Ines;Štajduhar;1991-06-14;;Begovača;43233;Z;;;;;;;;;;
2501989360898;Mario;Marić;1989-01-25;;Begovača;43233;M;;;;;;;;;;
2602998360860;Ana;Frančić;1998-02-26;;Begovača;43233;Z;;;;;;;;;;
1511989360981;Vanja;Vincetić;1989-11-15;;Begovača;43233;M;;;;;;;;;;
1403999360664;Igor;Perić;1999-03-14;;Begovača;43233;M;;;;;;;;;;
2303999360433;Pero;Bokulić;1999-03-23;;Begovača;43233;M;;;;;;;;;;
1710993360674;Petra;Pavković;1993-10-17;;Begovača;43233;Z;;;;;;;;;;
2407998360069;Nataša;Petrović;1998-07-24;;Begovača;43233;Z;;;;;;;;;;
1105991360152;Natko;Nekić;1991-05-11;;Begovača;43233;M;;;;;;;;;;
409994360140;Petra;Valentić;1994-09-04;;Begovača;43233;Z;;;;;;;;;;
1004993360505;Natko;Hasić;1993-04-10;;Begovača;43233;M;;;;;;;;;;
2103991360939;Marko;Bokulić;1991-03-21;;Begovača;43233;M;;;;;;;;;;
2008992360231;Karmen;Graovac;1992-08-20;;Begovača;43233;Z;;;;;;;;;;
1201998360001;Milan;Sušanj;1998-01-12;;Begovača;43233;M;;;;;;;;;;
2601998360724;Manuela;Nekić;1998-01-26;;Begovača;43233;Z;;;;;;;;;;
3106993360928;Petra;Koraca;;;Begovača;43233;Z;;;;;;;;;;
201989360799;Iva;Mandić;1989-01-02;;Begovača;43233;Z;;;;;;;;;;
2408999360313;Manuela;Koraca;1999-08-24;;Begovača;43233;Z;;;;;;;;;;
1509993360984;Mila;Valentić;1993-09-15;;Begovača;43233;Z;;;;;;;;;;
1605994360029;Marko;Sušanj;1994-05-16;;Begovača;43233;M;;;;;;;;;;
111995360212;Karmen;Kostrenčić;1995-11-01;;Begovača;43233;Z;;;;;;;;;;
2708995360987;Ana;Todeskini;1995-08-27;;Begovača;43233;Z;;;;;;;;;;
1212997360523;Slaven;Ugrina;1997-12-12;;Begovača;43233;M;;;;;;;;;;
107996360026;Mila;Štajduhar;1996-07-01;;Begovača;43233;Z;;;;;;;;;;
2807997360235;Mila;Frančić;1997-07-28;;Begovača;43233;Z;;;;;;;;;;
407997360939;Diana;Hasić;1997-07-04;;Begovača;43233;Z;;;;;;;;;;
1001995360793;Manuela;Antić;1995-01-10;;Begovača;43233;Z;;;;;;;;;;
2310998360875;Viktor;Nekić;1998-10-23;;Begovača;43233;M;;;;;;;;;;
3001997360095;Mile;Bokulić;1997-01-30;;Begovača;43233;M;;;;;;;;;;
702997360232;Manuela;Marić;1997-02-07;;Begovača;43233;Z;;;;;;;;;;
612996360253;Natko;Petrović;1996-12-06;;Begovača;43233;M;;;;;;;;;;
402992360554;Jakov;Mandić;1992-02-04;;Begovača;43233;M;;;;;;;;;;
2511998360716;Nikola;Perić;1998-11-25;;Begovača;43233;M;;;;;;;;;;
1011998360843;Mila;Pavković;1998-11-10;;Begovača;43233;Z;;;;;;;;;;
2708999360837;Karmen;Graovac;1999-08-27;;Begovača;43233;Z;;;;;;;;;;
1505998360329;Natko;Frančić;1998-05-15;;Begovača;43233;M;;;;;;;;;;
2602998360565;Ana;Štajduhar;1998-02-26;;Begovača;43233;Z;;;;;;;;;;
2406992360278;Iva;Ugrina;1992-06-24;;Begovača;43233;Z;;;;;;;;;;
1407995360462;Natko;Perić;1995-07-14;;Begovača;43233;M;;;;;;;;;;
603994360116;Pero;Vincetić;1994-03-06;;Begovača;43233;M;;;;;;;;;;
1912996360307;Željko;Frančić;1996-12-19;;Begovača;43233;M;;;;;;;;;;
2405996360336;Diana;Petrović;1996-05-24;;Begovača;43233;Z;;;;;;;;;;
1702997360399;Ivan;Antić;1997-02-17;;Begovača;43233;M;;;;;;;;;;
1804993360917;Željko;Antić;1993-04-18;;Begovača;43233;M;;;;;;;;;;
2008990360034;Ines;Kostrenčić;1990-08-20;;Begovača;43233;Z;;;;;;;;;;
404993360634;Ivan;Marković;1993-04-04;;Begovača;43233;M;;;;;;;;;;
205997360368;Ana;Marić;1997-05-02;;Begovača;43233;Z;;;;;;;;;;
1908994360610;Diana;Pavković;1994-08-19;;Begovača;43233;Z;;;;;;;;;;
112990360294;Iva;Koraca;1990-12-01;;Begovača;43233;Z;;;;;;;;;;
1901990360921;Manuela;Antić;1990-01-19;;Begovača;43233;Z;;;;;;;;;;
2706998360725;Mario;Marić;1998-06-27;;Begovača;43233;M;;;;;;;;;;
1302991360604;Pero;Antić;1991-02-13;;Begovača;43233;M;;;;;;;;;;
2811997360822;Mila;Frančić;1997-11-28;;Begovača;43233;Z;;;;;;;;;;
401990360448;Diana;Perić;1990-01-04;;Begovača;43233;Z;;;;;;;;;;
202994360847;Ana;Bokulić;1994-02-02;;Begovača;43233;Z;;;;;;;;;;
406991360721;Marko;Štajduhar;1991-06-04;;Begovača;43233;M;;;;;;;;;;
1907991360163;Ivan;Hasić;1991-07-19;;Begovača;43233;M;;;;;;;;;;
203991360108;Viktor;Nekić;1991-03-02;;Begovača;43233;M;;;;;;;;;;
901993360591;Diana;Todeskini;1993-01-09;;Begovača;43233;Z;;;;;;;;;;
3107997360755;Ivan;Vincetić;1997-07-31;;Begovača;43233;M;;;;;;;;;;
2009998360515;Karmen;Nekić;1998-09-20;;Begovača;43233;Z;;;;;;;;;;
2501993360099;Mila;Marić;1993-01-25;;Begovača;43233;Z;;;;;;;;;;
2609997360985;Ivana;Vincetić;1997-09-26;;Begovača;43233;Z;;;;;;;;;;
1511993360581;Mila;Frančić;1993-11-15;;Begovača;43233;Z;;;;;;;;;;
1401989360429;Natko;Petrović;1989-01-14;;Begovača;43233;M;;;;;;;;;;
2010996360090;Nataša;Mandić;1996-10-20;;Begovača;43233;Z;;;;;;;;;;
2203990360081;Zoran;Perić;1990-03-22;;Begovača;43233;M;;;;;;;;;;
1503997360344;Milan;Valentić;1997-03-15;;Begovača;43233;M;;;;;;;;;;
406997360731;Petra;Ugrina;1997-06-04;;Begovača;43233;Z;;;;;;;;;;
2809999360342;Ivan;Pavković;1999-09-28;;Begovača;43233;M;;;;;;;;;;
3111993360075;Nikola;Antić;;;Begovača;43233;M;;;;;;;;;;
2607993360344;Natko;Ugrina;1993-07-26;;Begovača;43233;M;;;;;;;;;;
1605995360027;Ana;Nekić;1995-05-16;;Begovača;43233;Z;;;;;;;;;;
1101995360722;Nataša;Kostrenčić;1995-01-11;;Begovača;43233;Z;;;;;;;;;;
1304998360264;Vanja;Ugrina;1998-04-13;;Begovača;43233;M;;;;;;;;;;
2905992360263;Manuela;Marić;1992-05-29;;Begovača;43233;Z;;;;;;;;;;
1509989360080;Nikola;Ugrina;1989-09-15;;Begovača;43233;M;;;;;;;;;;
1008989360009;Iva;Kostrenčić;1989-08-10;;Begovača;43233;Z;;;;;;;;;;
1505990360254;Milan;Pavković;1990-05-15;;Begovača;43233;M;;;;;;;;;;
1906998360417;Nataša;Hasić;1998-06-19;;Begovača;43233;Z;;;;;;;;;;
601997360030;Iva;Petrović;1997-01-06;;Begovača;43233;Z;;;;;;;;;;
2509992360816;Nikola;Frančić;1992-09-25;;Begovača;43233;M;;;;;;;;;;
1110994360472;Iva;Petrović;1994-10-11;;Begovača;43233;Z;;;;;;;;;;
309998360460;Iva;Nekić;1998-09-03;;Begovača;43233;Z;;;;;;;;;;
902997360825;Slaven;Bokulić;1997-02-09;;Begovača;43233;M;;;;;;;;;;
2007998360740;Nataša;Štajduhar;1998-07-20;;Begovača;43233;Z;;;;;;;;;;
710992360937;Nataša;Bokulić;1992-10-07;;Begovača;43233;Z;;;;;;;;;;
3107991360080;Viktor;Graovac;1991-07-31;;Begovača;43233;M;;;;;;;;;;
2809995360805;Slaven;Marić;1995-09-28;;Begovača;43233;M;;;;;;;;;;
309997360581;Ana;Sušanj;1997-09-03;;Begovača;43233;Z;;;;;;;;;;
1012996360979;Ivana;Nekić;1996-12-10;;Begovača;43233;Z;;;;;;;;;;
702998360398;Natko;Hasić;1998-02-07;;Begovača;43233;M;;;;;;;;;;
3110996360777;Milan;Pavković;1996-10-31;;Begovača;43233;M;;;;;;;;;;
1402994360073;Ivana;Marić;1994-02-14;;Begovača;43233;Z;;;;;;;;;;
2011997360544;Jakov;Nekić;1997-11-20;;Begovača;43233;M;;;;;;;;;;
1801994360732;Ana;Todeskini;1994-01-18;;Begovača;43233;Z;;;;;;;;;;
902999360798;Nikola;Sušanj;1999-02-09;;Begovača;43233;M;;;;;;;;;;
1803994360030;Ines;Štajduhar;1994-03-18;;Begovača;43233;Z;;;;;;;;;;
1309996360452;Iva;Bokulić;1996-09-13;;Begovača;43233;Z;;;;;;;;;;
2809990360898;Ivana;Bokulić;1990-09-28;;Begovača;43233;Z;;;;;;;;;;
101993360454;Ana;Frančić;1993-01-01;;Begovača;43233;Z;;;;;;;;;;
912991360084;Nataša;Ugrina;1991-12-09;;Begovača;43233;Z;;;;;;;;;;
508994360091;Mila;Kostrenčić;1994-08-05;;Begovača;43233;Z;;;;;;;;;;
906994360602;Željko;Todeskini;1994-06-09;;Begovača;43233;M;;;;;;;;;;
107990360774;Nataša;Sušanj;1990-07-01;;Begovača;43233;Z;;;;;;;;;;
1605993360271;Diana;Pavković;1993-05-16;;Begovača;43233;Z;;;;;;;;;;
209993360008;Jakov;Koraca;1993-09-02;;Begovača;43233;M;;;;;;;;;;
412998360177;Ivan;Ugrina;1998-12-04;;Begovača;43233;M;;;;;;;;;;
808996360738;Viktor;Ugrina;1996-08-08;;Begovača;43233;M;;;;;;;;;;
302989360184;Ana;Frančić;1989-02-03;;Begovača;43233;Z;;;;;;;;;;
1301996360924;Nataša;Mandić;1996-01-13;;Begovača;43233;Z;;;;;;;;;;
109994360974;Ivan;Bokulić;1994-09-01;;Begovača;43233;M;;;;;;;;;;
2103990360791;Manuela;Frančić;1990-03-21;;Begovača;43233;Z;;;;;;;;;;
2705990360909;Ivan;Sušanj;1990-05-27;;Begovača;43233;M;;;;;;;;;;
2611994360626;Manuela;Todeskini;1994-11-26;;Begovača;43233;Z;;;;;;;;;;
108997360482;Milan;Frančić;1997-08-01;;Begovača;43233;M;;;;;;;;;;
2903999360724;Manuela;Koraca;1999-03-29;;Begovača;43233;Z;;;;;;;;;;
1909996360788;Natko;Hasić;1996-09-19;;Begovača;43233;M;;;;;;;;;;
2410993360928;Željko;Bokulić;1993-10-24;;Begovača;43233;M;;;;;;;;;;
1301997360271;Pero;Perić;1997-01-13;;Begovača;43233;M;;;;;;;;;;
912994360263;Karmen;Sušanj;1994-12-09;;Begovača;43233;Z;;;;;;;;;;
2812994360121;Karmen;Vincetić;1994-12-28;;Begovača;43233;Z;;;;;;;;;;
2912996360865;Milan;Ugrina;1996-12-29;;Begovača;43233;M;;;;;;;;;;
3002989360766;Petra;Perić;;;Begovača;43233;Z;;;;;;;;;;
2507993360263;Valentina;Hasić;1993-07-25;;Begovača;43233;Z;;;;;;;;;;
203996360118;Petar;Koraca;1996-03-02;;Begovača;43233;M;;;;;;;;;;
2305990360222;Mario;Kostrenčić;1990-05-23;;Begovača;43233;M;;;;;;;;;;
2910997360769;Ivan;Mandić;1997-10-29;;Begovača;43233;M;;;;;;;;;;
2406993360766;Pero;Marković;1993-06-24;;Begovača;43233;M;;;;;;;;;;
1012991360241;Nikola;Frančić;1991-12-10;;Begovača;43233;M;;;;;;;;;;
2809996360673;Petra;Pavković;1996-09-28;;Begovača;43233;Z;;;;;;;;;;
1502997360358;Mile;Kostrenčić;1997-02-15;;Begovača;43233;M;;;;;;;;;;
1708990360304;Diana;Marić;1990-08-17;;Begovača;43233;Z;;;;;;;;;;
2503992360953;Jakov;Hasić;1992-03-25;;Begovača;43233;M;;;;;;;;;;
1304992360476;Diana;Valentić;1992-04-13;;Begovača;43233;Z;;;;;;;;;;
2512999360714;Željko;Koraca;1999-12-25;;Begovača;43233;M;;;;;;;;;;
2102996360015;Ivan;Ugrina;1996-02-21;;Begovača;43233;M;;;;;;;;;;
2511997360283;Nataša;Mandić;1997-11-25;;Begovača;43233;Z;;;;;;;;;;
1803993360731;Nataša;Štajduhar;1993-03-18;;Begovača;43233;Z;;;;;;;;;;
3106997360898;Petra;Mandić;;;Begovača;43233;Z;;;;;;;;;;
1611993360550;Ivana;Kostrenčić;1993-11-16;;Begovača;43233;Z;;;;;;;;;;
1111998360640;Mario;Nekić;1998-11-11;;Begovača;43233;M;;;;;;;;;;
307998360883;Milan;Petrović;1998-07-03;;Begovača;43233;M;;;;;;;;;;
2509996360693;Iva;Mandić;1996-09-25;;Begovača;43233;Z;;;;;;;;;;
812991360463;Mario;Hasić;1991-12-08;;Begovača;43233;M;;;;;;;;;;
1603997360356;Petar;Valentić;1997-03-16;;Begovača;43233;M;;;;;;;;;;
309991360958;Milan;Frančić;1991-09-03;;Begovača;43233;M;;;;;;;;;;
2805990360553;Ivan;Bokulić;1990-05-28;;Begovača;43233;M;;;;;;;;;;
1202998360617;Manuela;Graovac;1998-02-12;;Begovača;43233;Z;;;;;;;;;;
1412994360404;Petra;Marković;1994-12-14;;Begovača;43233;Z;;;;;;;;;;
2109992360267;Diana;Perić;1992-09-21;;Begovača;43233;Z;;;;;;;;;;
2309989360287;Diana;Valentić;1989-09-23;;Begovača;43233;Z;;;;;;;;;;
1002991360641;Nataša;Frančić;1991-02-10;;Begovača;43233;Z;;;;;;;;;;
807994360546;Marko;Hasić;1994-07-08;;Begovača;43233;M;;;;;;;;;;
2602998360928;Zoran;Nekić;1998-02-26;;Begovača;43233;M;;;;;;;;;;
1103998360070;Petra;Marić;1998-03-11;;Begovača;43233;Z;;;;;;;;;;
1904996360464;Ivana;Pavković;1996-04-19;;Begovača;43233;Z;;;;;;;;;;
2306990360072;Iva;Graovac;1990-06-23;;Begovača;43233;Z;;;;;;;;;;
2811998360582;Pero;Vincetić;1998-11-28;;Begovača;43233;M;;;;;;;;;;
305999360702;Mario;Kostrenčić;1999-05-03;;Begovača;43233;M;;;;;;;;;;
2704990360072;Karmen;Koraca;1990-04-27;;Begovača;43233;Z;;;;;;;;;;
301989360705;Manuela;Štajduhar;1989-01-03;;Begovača;43233;Z;;;;;;;;;;
2607997360650;Mile;Kostrenčić;1997-07-26;;Begovača;43233;M;;;;;;;;;;
805998360316;Valentina;Kostrenčić;1998-05-08;;Begovača;43233;Z;;;;;;;;;;
2509997360282;Ivana;Frančić;1997-09-25;;Begovača;43233;Z;;;;;;;;;;
1107994360668;Viktor;Kostrenčić;1994-07-11;;Begovača;43233;M;;;;;;;;;;
712999360386;Željko;Štajduhar;1999-12-07;;Begovača;43233;M;;;;;;;;;;
1306993360255;Jakov;Marković;1993-06-13;;Begovača;43233;M;;;;;;;;;;
2301999360190;Petar;Pavković;1999-01-23;;Begovača;43233;M;;;;;;;;;;
2403998360380;Zoran;Perić;1998-03-24;;Begovača;43233;M;;;;;;;;;;
1310989360513;Željko;Ugrina;1989-10-13;;Begovača;43233;M;;;;;;;;;;
107999360338;Vanja;Pavković;1999-07-01;;Begovača;43233;M;;;;;;;;;;
111991360378;Mile;Kostrenčić;1991-11-01;;Begovača;43233;M;;;;;;;;;;
2801990360422;Valentina;Bokulić;1990-01-28;;Begovača;43233;Z;;;;;;;;;;
2605996360264;Petra;Bokulić;1996-05-26;;Begovača;43233;Z;;;;;;;;;;
2403999360789;Nikola;Perić;1999-03-24;;Begovača;43233;M;;;;;;;;;;
1210995360323;Natko;Mandić;1995-10-12;;Begovača;43233;M;;;;;;;;;;
2207990360952;Jakov;Mandić;1990-07-22;;Begovača;43233;M;;;;;;;;;;
1801995360681;Igor;Vincetić;1995-01-18;;Begovača;43233;M;;;;;;;;;;
2201995360369;Karmen;Ugrina;1995-01-22;;Begovača;43233;Z;;;;;;;;;;
1412997360507;Natko;Petrović;1997-12-14;;Begovača;43233;M;;;;;;;;;;
1110999360925;Diana;Kostrenčić;1999-10-11;;Begovača;43233;Z;;;;;;;;;;
1410995360581;Diana;Mandić;1995-10-14;;Begovača;43233;Z;;;;;;;;;;
507990360514;Marin;Marić;1990-07-05;;Begovača;43233;M;;;;;;;;;;
1607989360516;Ines;Marić;1989-07-16;;Begovača;43233;Z;;;;;;;;;;
2811989360056;Mile;Bokulić;1989-11-28;;Begovača;43233;M;;;;;;;;;;
806990360020;Marko;Bokulić;1990-06-08;;Begovača;43233;M;;;;;;;;;;
1110993360703;Diana;Marić;1993-10-11;;Begovača;43233;Z;;;;;;;;;;
810991360705;Nikola;Hasić;1991-10-08;;Begovača;43233;M;;;;;;;;;;
211997360943;Mile;Hasić;1997-11-02;;Begovača;43233;M;;;;;;;;;;
3001994360231;Mile;Pavković;1994-01-30;;Begovača;43233;M;;;;;;;;;;
1410990360170;Petra;Koraca;1990-10-14;;Begovača;43233;Z;;;;;;;;;;
2912995360506;Manuela;Todeskini;1995-12-29;;Begovača;43233;Z;;;;;;;;;;
1505995360590;Karmen;Kostrenčić;1995-05-15;;Begovača;43233;Z;;;;;;;;;;
1009993360369;Jakov;Antić;1993-09-10;;Begovača;43233;M;;;;;;;;;;
2505992360472;Karmen;Sušanj;1992-05-25;;Begovača;43233;Z;;;;;;;;;;
1208990360414;Petra;Graovac;1990-08-12;;Begovača;43233;Z;;;;;;;;;;
1606990360944;Iva;Perić;1990-06-16;;Begovača;43233;Z;;;;;;;;;;
2403991360257;Ines;Hasić;1991-03-24;;Begovača;43233;Z;;;;;;;;;;
1809994360946;Manuela;Pavković;1994-09-18;;Begovača;43233;Z;;;;;;;;;;
2706998360281;Manuela;Antić;1998-06-27;;Begovača;43233;Z;;;;;;;;;;
1003992360983;Valentina;Ugrina;1992-03-10;;Begovača;43233;Z;;;;;;;;;;
1004999360784;Mario;Sušanj;1999-04-10;;Begovača;43233;M;;;;;;;;;;
407992360245;Diana;Mandić;1992-07-04;;Begovača;43233;Z;;;;;;;;;;
1301999360239;Ana;Štajduhar;1999-01-13;;Begovača;43233;Z;;;;;;;;;;
510993360926;Marko;Graovac;1993-10-05;;Begovača;43233;M;;;;;;;;;;
906994360254;Iva;Koraca;1994-06-09;;Begovača;43233;Z;;;;;;;;;;
1811999360474;Mila;Nekić;1999-11-18;;Begovača;43233;Z;;;;;;;;;;
2408995360843;Nataša;Marić;1995-08-24;;Begovača;43233;Z;;;;;;;;;;
2607992360060;Ivana;Vincetić;1992-07-26;;Begovača;43233;Z;;;;;;;;;;
908992360505;Ines;Hasić;1992-08-09;;Begovača;43233;Z;;;;;;;;;;
2710992360610;Petra;Marković;1992-10-27;;Begovača;43233;Z;;;;;;;;;;
1011996360823;Iva;Bokulić;1996-11-10;;Begovača;43233;Z;;;;;;;;;;
1811998360483;Valentina;Antić;1998-11-18;;Begovača;43233;Z;;;;;;;;;;
2609999360822;Iva;Koraca;1999-09-26;;Begovača;43233;Z;;;;;;;;;;
2209999360359;Vanja;Štajduhar;1999-09-22;;Begovača;43233;M;;;;;;;;;;
1507990360100;Mila;Sušanj;1990-07-15;;Begovača;43233;Z;;;;;;;;;;
112992360490;Mila;Kostrenčić;1992-12-01;;Begovača;43233;Z;;;;;;;;;;
1912996360707;Iva;Kostrenčić;1996-12-19;;Begovača;43233;Z;;;;;;;;;;
1910990360469;Diana;Pavković;1990-10-19;;Begovača;43233;Z;;;;;;;;;;
103998360452;Zoran;Ugrina;1998-03-01;;Begovača;43233;M;;;;;;;;;;
1105990360360;Diana;Petrović;1990-05-11;;Begovača;43233;Z;;;;;;;;;;
2103996360857;Ivana;Valentić;1996-03-21;;Begovača;43233;Z;;;;;;;;;;
1701991360150;Ines;Štajduhar;1991-01-17;;Begovača;43233;Z;;;;;;;;;;
1306994360854;Zoran;Valentić;1994-06-13;;Begovača;43233;M;;;;;;;;;;
2105996360995;Pero;Antić;1996-05-21;;Begovača;43233;M;;;;;;;;;;
3007990360804;Jakov;Perić;1990-07-30;;Begovača;43233;M;;;;;;;;;;
810998360566;Marko;Perić;1998-10-08;;Begovača;43233;M;;;;;;;;;;
305996360245;Mario;Marković;1996-05-03;;Begovača;43233;M;;;;;;;;;;
2912999360567;Marin;Marić;1999-12-29;;Begovača;43233;M;;;;;;;;;;
310995360039;Ivan;Bokulić;1995-10-03;;Begovača;43233;M;;;;;;;;;;
2310992360255;Zoran;Graovac;1992-10-23;;Begovača;43233;M;;;;;;;;;;
2605989360635;Petar;Nekić;1989-05-26;;Begovača;43233;M;;;;;;;;;;
1005990360496;Petra;Sušanj;1990-05-10;;Begovača;43233;Z;;;;;;;;;;
1604999360215;Milan;Štajduhar;1999-04-16;;Begovača;43233;M;;;;;;;;;;
603993360178;Petra;Marković;1993-03-06;;Begovača;43233;Z;;;;;;;;;;
804989360842;Nikola;Bokulić;1989-04-08;;Begovača;43233;M;;;;;;;;;;
2604993360335;Iva;Pavković;1993-04-26;;Begovača;43233;Z;;;;;;;;;;
1405990360754;Ana;Marić;1990-05-14;;Begovača;43233;Z;;;;;;;;;;
101999360642;Željko;Petrović;1999-01-01;;Begovača;43233;M;;;;;;;;;;
2511991360399;Mile;Frančić;1991-11-25;;Begovača;43233;M;;;;;;;;;;
2212992360816;Valentina;Sušanj;1992-12-22;;Begovača;43233;Z;;;;;;;;;;
2512997360850;Ines;Valentić;1997-12-25;;Begovača;43233;Z;;;;;;;;;;
403991360706;Manuela;Ugrina;1991-03-04;;Begovača;43233;Z;;;;;;;;;;
107994360260;Diana;Hasić;1994-07-01;;Begovača;43233;Z;;;;;;;;;;
1605994360590;Vanja;Petrović;1994-05-16;;Begovača;43233;M;;;;;;;;;;
1407994360313;Natko;Valentić;1994-07-14;;Begovača;43233;M;;;;;;;;;;
508999360792;Ines;Marić;1999-08-05;;Begovača;43233;Z;;;;;;;;;;
2301989360049;Ana;Todeskini;1989-01-23;;Begovača;43233;Z;;;;;;;;;;
1701997360381;Pero;Koraca;1997-01-17;;Begovača;43233;M;;;;;;;;;;
3104997360411;Karmen;Frančić;;;Begovača;43233;Z;;;;;;;;;;
1306999360193;Manuela;Marić;1999-06-13;;Begovača;43233;Z;;;;;;;;;;
701992360807;Slaven;Marić;1992-01-07;;Begovača;43233;M;;;;;;;;;;
2204996360474;Mile;Frančić;1996-04-22;;Begovača;43233;M;;;;;;;;;;
2803993360769;Ana;Vincetić;1993-03-28;;Begovača;43233;Z;;;;;;;;;;
306998360676;Manuela;Todeskini;1998-06-03;;Begovača;43233;Z;;;;;;;;;;
2503992360576;Milan;Mandić;1992-03-25;;Begovača;43233;M;;;;;;;;;;
204994360258;Milan;Marić;1994-04-02;;Begovača;43233;M;;;;;;;;;;
2308994360075;Marko;Graovac;1994-08-23;;Begovača;43233;M;;;;;;;;;;
1305989360890;Marko;Marković;1989-05-13;;Begovača;43233;M;;;;;;;;;;
304992360574;Zoran;Todeskini;1992-04-03;;Begovača;43233;M;;;;;;;;;;
901991360570;Valentina;Hasić;1991-01-09;;Begovača;43233;Z;;;;;;;;;;
2106994360261;Slaven;Koraca;1994-06-21;;Begovača;43233;M;;;;;;;;;;
604989360905;Nikola;Marić;1989-04-06;;Begovača;43233;M;;;;;;;;;;
2009990360060;Vanja;Vincetić;1990-09-20;;Begovača;43233;M;;;;;;;;;;
2010994360393;Slaven;Ugrina;1994-10-20;;Begovača;43233;M;;;;;;;;;;
2803997360297;Željko;Nekić;1997-03-28;;Begovača;43233;M;;;;;;;;;;
805997360649;Marko;Kostrenčić;1997-05-08;;Begovača;43233;M;;;;;;;;;;
1211993360297;Iva;Todeskini;1993-11-12;;Begovača;43233;Z;;;;;;;;;;
1206999360768;Nikola;Sušanj;1999-06-12;;Begovača;43233;M;;;;;;;;;;
2306999360113;Petar;Kostrenčić;1999-06-23;;Begovača;43233;M;;;;;;;;;;
1105997360015;Manuela;Koraca;1997-05-11;;Begovača;43233;Z;;;;;;;;;;
3006996360625;Milan;Ugrina;1996-06-30;;Begovača;43233;M;;;;;;;;;;
2401993360884;Zoran;Ugrina;1993-01-24;;Begovača;43233;M;;;;;;;;;;
2708993360789;Manuela;Sušanj;1993-08-27;;Begovača;43233;Z;;;;;;;;;;
1212989360816;Ivan;Pavković;1989-12-12;;Begovača;43233;M;;;;;;;;;;
2009993360296;Ivana;Frančić;1993-09-20;;Begovača;43233;Z;;;;;;;;;;
705994360402;Ana;Todeskini;1994-05-07;;Begovača;43233;Z;;;;;;;;;;
2405989360189;Igor;Koraca;1989-05-24;;Begovača;43233;M;;;;;;;;;;
405997360974;Nataša;Frančić;1997-05-04;;Begovača;43233;Z;;;;;;;;;;
109994360824;Petra;Todeskini;1994-09-01;;Begovača;43233;Z;;;;;;;;;;
307992360575;Iva;Ugrina;1992-07-03;;Begovača;43233;Z;;;;;;;;;;
411998360591;Manuela;Antić;1998-11-04;;Begovača;43233;Z;;;;;;;;;;
1103991360183;Željko;Nekić;1991-03-11;;Begovača;43233;M;;;;;;;;;;
2111999360558;Nataša;Antić;1999-11-21;;Begovača;43233;Z;;;;;;;;;;
3111992360338;Željko;Koraca;;;Begovača;43233;M;;;;;;;;;;
2509989360946;Iva;Mandić;1989-09-25;;Begovača;43233;Z;;;;;;;;;;
604989360711;Iva;Marić;1989-04-06;;Begovača;43233;Z;;;;;;;;;;
1902995360795;Valentina;Frančić;1995-02-19;;Begovača;43233;Z;;;;;;;;;;
1512997360494;Nataša;Kostrenčić;1997-12-15;;Begovača;43233;Z;;;;;;;;;;
2603999360338;Manuela;Valentić;1999-03-26;;Begovača;43233;Z;;;;;;;;;;
2802998360006;Ana;Frančić;1998-02-28;;Begovača;43233;Z;;;;;;;;;;
1105999360530;Ana;Graovac;1999-05-11;;Begovača;43233;Z;;;;;;;;;;
1001993360895;Nikola;Koraca;1993-01-10;;Begovača;43233;M;;;;;;;;;;
2904991360625;Jakov;Mandić;1991-04-29;;Begovača;43233;M;;;;;;;;;;
1701998360912;Zoran;Hasić;1998-01-17;;Begovača;43233;M;;;;;;;;;;
2012998360146;Diana;Graovac;1998-12-20;;Begovača;43233;Z;;;;;;;;;;
1603991360884;Nataša;Graovac;1991-03-16;;Begovača;43233;Z;;;;;;;;;;
711999360911;Mile;Perić;1999-11-07;;Begovača;43233;M;;;;;;;;;;
1806998360174;Mario;Petrović;1998-06-18;;Begovača;43233;M;;;;;;;;;;
3107990360748;Ines;Ugrina;1990-07-31;;Begovača;43233;Z;;;;;;;;;;
706993360453;Natko;Ugrina;1993-06-07;;Begovača;43233;M;;;;;;;;;;
1902996360045;Petar;Ugrina;1996-02-19;;Begovača;43233;M;;;;;;;;;;
3101995360099;Valentina;Pavković;1995-01-31;;Begovača;43233;Z;;;;;;;;;;
106997360988;Ivana;Marić;1997-06-01;;Begovača;43233;Z;;;;;;;;;;
1908989360760;Zoran;Graovac;1989-08-19;;Begovača;43233;M;;;;;;;;;;
1112994360445;Igor;Valentić;1994-12-11;;Begovača;43233;M;;;;;;;;;;
1311998360079;Vanja;Frančić;1998-11-13;;Begovača;43233;M;;;;;;;;;;
2102994360837;Mile;Antić;1994-02-21;;Begovača;43233;M;;;;;;;;;;
509992360557;Ivana;Mandić;1992-09-05;;Begovača;43233;Z;;;;;;;;;;
605989360790;Valentina;Frančić;1989-05-06;;Begovača;43233;Z;;;;;;;;;;
2810996360234;Ivana;Kostrenčić;1996-10-28;;Begovača;43233;Z;;;;;;;;;;
1205989360331;Nikola;Perić;1989-05-12;;Begovača;43233;M;;;;;;;;;;
3109993360628;Milan;Mandić;;;Begovača;43233;M;;;;;;;;;;
3008992360573;Jakov;Petrović;1992-08-30;;Begovača;43233;M;;;;;;;;;;
1005994360774;Ines;Hasić;1994-05-10;;Begovača;43233;Z;;;;;;;;;;
1802996360102;Diana;Nekić;1996-02-18;;Begovača;43233;Z;;;;;;;;;;
2501994360081;Mile;Mandić;1994-01-25;;Begovača;43233;M;;;;;;;;;;
807995360022;Ivan;Ugrina;1995-07-08;;Begovača;43233;M;;;;;;;;;;
211998360386;Ivan;Bokulić;1998-11-02;;Begovača;43233;M;;;;;;;;;;
1304991360074;Jakov;Mandić;1991-04-13;;Begovača;43233;M;;;;;;;;;;
1002994360486;Pero;Nekić;1994-02-10;;Begovača;43233;M;;;;;;;;;;
1812994360268;Manuela;Ugrina;1994-12-18;;Begovača;43233;Z;;;;;;;;;;
2805991360367;Viktor;Sušanj;1991-05-28;;Begovača;43233;M;;;;;;;;;;
205993360107;Marin;Ugrina;1993-05-02;;Begovača;43233;M;;;;;;;;;;
2301997360180;Manuela;Sušanj;1997-01-23;;Begovača;43233;Z;;;;;;;;;;
1109999360115;Valentina;Marić;1999-09-11;;Begovača;43233;Z;;;;;;;;;;
1211995360265;Vanja;Ugrina;1995-11-12;;Begovača;43233;M;;;;;;;;;;
2707989360876;Valentina;Marković;1989-07-27;;Begovača;43233;Z;;;;;;;;;;
809997360373;Vanja;Pavković;1997-09-08;;Begovača;43233;M;;;;;;;;;;
601996360916;Karmen;Štajduhar;1996-01-06;;Begovača;43233;Z;;;;;;;;;;
803991360154;Petar;Pavković;1991-03-08;;Begovača;43233;M;;;;;;;;;;
1103997360008;Slaven;Frančić;1997-03-11;;Begovača;43233;M;;;;;;;;;;
1111990360737;Igor;Kostrenčić;1990-11-11;;Begovača;43233;M;;;;;;;;;;
1408997360470;Viktor;Marković;1997-08-14;;Begovača;43233;M;;;;;;;;;;
911996360898;Valentina;Petrović;1996-11-09;;Begovača;43233;Z;;;;;;;;;;
104995360563;Petra;Štajduhar;1995-04-01;;Begovača;43233;Z;;;;;;;;;;
206995360776;Igor;Kostrenčić;1995-06-02;;Begovača;43233;M;;;;;;;;;;
3109991360525;Mila;Bokulić;;;Begovača;43233;Z;;;;;;;;;;
1601990360742;Mario;Štajduhar;1990-01-16;;Begovača;43233;M;;;;;;;;;;
306995360445;Karmen;Todeskini;1995-06-03;;Begovača;43233;Z;;;;;;;;;;
2110997360352;Valentina;Perić;1997-10-21;;Begovača;43233;Z;;;;;;;;;;
902997360294;Mile;Štajduhar;1997-02-09;;Begovača;43233;M;;;;;;;;;;
2608995360984;Viktor;Marković;1995-08-26;;Begovača;43233;M;;;;;;;;;;
1408989360478;Jakov;Antić;1989-08-14;;Begovača;43233;M;;;;;;;;;;
1404999360053;Mile;Frančić;1999-04-14;;Begovača;43233;M;;;;;;;;;;
211990360753;Iva;Pavković;1990-11-02;;Begovača;43233;Z;;;;;;;;;;
311999360005;Karmen;Koraca;1999-11-03;;Begovača;43233;Z;;;;;;;;;;
3111992360563;Diana;Marković;;;Begovača;43233;Z;;;;;;;;;;
2912990360952;Zoran;Vincetić;1990-12-29;;Begovača;43233;M;;;;;;;;;;
1205989360966;Marin;Hasić;1989-05-12;;Begovača;43233;M;;;;;;;;;;
208998360859;Ines;Nekić;1998-08-02;;Begovača;43233;Z;;;;;;;;;;
2802990360378;Petar;Koraca;1990-02-28;;Begovača;43233;M;;;;;;;;;;
3106997360656;Viktor;Perić;;;Begovača;43233;M;;;;;;;;;;
407992360093;Mario;Sušanj;1992-07-04;;Begovača;43233;M;;;;;;;;;;
202990360727;Pero;Petrović;1990-02-02;;Begovača;43233;M;;;;;;;;;;
202995360571;Nataša;Ugrina;1995-02-02;;Begovača;43233;Z;;;;;;;;;;
2707995360319;Željko;Marković;1995-07-27;;Begovača;43233;M;;;;;;;;;;
1604998360860;Karmen;Nekić;1998-04-16;;Begovača;43233;Z;;;;;;;;;;
701992360266;Nataša;Bokulić;1992-01-07;;Begovača;43233;Z;;;;;;;;;;
305996360773;Ines;Sušanj;1996-05-03;;Begovača;43233;Z;;;;;;;;;;
306995360280;Marko;Pavković;1995-06-03;;Begovača;43233;M;;;;;;;;;;
3111998360514;Mila;Todeskini;;;Begovača;43233;Z;;;;;;;;;;
1306989360574;Mile;Koraca;1989-06-13;;Begovača;43233;M;;;;;;;;;;
301989360218;Mila;Pavković;1989-01-03;;Begovača;43233;Z;;;;;;;;;;
1903990360024;Marin;Valentić;1990-03-19;;Begovača;43233;M;;;;;;;;;;
2601992360591;Igor;Todeskini;1992-01-26;;Begovača;43233;M;;;;;;;;;;
1607990360821;Zoran;Perić;1990-07-16;;Begovača;43233;M;;;;;;;;;;
212998360694;Natko;Antić;1998-12-02;;Begovača;43233;M;;;;;;;;;;
1204996360670;Marko;Vincetić;1996-04-12;;Begovača;43233;M;;;;;;;;;;
1306992360417;Mila;Hasić;1992-06-13;;Begovača;43233;Z;;;;;;;;;;
605996360267;Ivana;Todeskini;1996-05-06;;Begovača;43233;Z;;;;;;;;;;
2911992360980;Valentina;Graovac;1992-11-29;;Begovača;43233;Z;;;;;;;;;;
605991360996;Petar;Perić;1991-05-06;;Begovača;43233;M;;;;;;;;;;
2309994360130;Ines;Štajduhar;1994-09-23;;Begovača;43233;Z;;;;;;;;;;
2708997360813;Valentina;Hasić;1997-08-27;;Begovača;43233;Z;;;;;;;;;;
1203994360708;Iva;Štajduhar;1994-03-12;;Begovača;43233;Z;;;;;;;;;;
606991360070;Mario;Koraca;1991-06-06;;Begovača;43233;M;;;;;;;;;;
2401990360517;Slaven;Kostrenčić;1990-01-24;;Begovača;43233;M;;;;;;;;;;
1709993360848;Željko;Vincetić;1993-09-17;;Begovača;43233;M;;;;;;;;;;
2401997360926;Iva;Koraca;1997-01-24;;Begovača;43233;Z;;;;;;;;;;
507990360888;Karmen;Hasić;1990-07-05;;Begovača;43233;Z;;;;;;;;;;
1202994360240;Ines;Ugrina;1994-02-12;;Begovača;43233;Z;;;;;;;;;;
2305994360438;Ivan;Valentić;1994-05-23;;Begovača;43233;M;;;;;;;;;;
202997360975;Ana;Bokulić;1997-02-02;;Begovača;43233;Z;;;;;;;;;;
2411997360554;Ivana;Antić;1997-11-24;;Begovača;43233;Z;;;;;;;;;;
2312991360447;Diana;Koraca;1991-12-23;;Begovača;43233;Z;;;;;;;;;;
1304994360027;Slaven;Todeskini;1994-04-13;;Begovača;43233;M;;;;;;;;;;
2906998360971;Ivana;Petrović;1998-06-29;;Begovača;43233;Z;;;;;;;;;;
1704998360113;Nikola;Valentić;1998-04-17;;Begovača;43233;M;;;;;;;;;;
2608989360009;Iva;Graovac;1989-08-26;;Begovača;43233;Z;;;;;;;;;;
306995360980;Ivana;Todeskini;1995-06-03;;Begovača;43233;Z;;;;;;;;;;
2205994360448;Valentina;Ugrina;1994-05-22;;Begovača;43233;Z;;;;;;;;;;
503990360562;Ivana;Sušanj;1990-03-05;;Begovača;43233;Z;;;;;;;;;;
801993360583;Mila;Marković;1993-01-08;;Begovača;43233;Z;;;;;;;;;;
2609999360741;Mila;Koraca;1999-09-26;;Begovača;43233;Z;;;;;;;;;;
102990360521;Željko;Sušanj;1990-02-01;;Begovača;43233;M;;;;;;;;;;
2011992360955;Ivan;Hasić;1992-11-20;;Begovača;43233;M;;;;;;;;;;
1111992360248;Petar;Nekić;1992-11-11;;Begovača;43233;M;;;;;;;;;;
3107993360979;Milan;Marković;1993-07-31;;Begovača;43233;M;;;;;;;;;;
2709999360829;Ana;Antić;1999-09-27;;Begovača;43233;Z;;;;;;;;;;
2409992360325;Ana;Perić;1992-09-24;;Begovača;43233;Z;;;;;;;;;;
312997360421;Mario;Antić;1997-12-03;;Begovača;43233;M;;;;;;;;;;
901995360457;Pero;Frančić;1995-01-09;;Begovača;43233;M;;;;;;;;;;
802996360051;Valentina;Pavković;1996-02-08;;Begovača;43233;Z;;;;;;;;;;
2806996360306;Petra;Frančić;1996-06-28;;Begovača;43233;Z;;;;;;;;;;
2403990360298;Mila;Valentić;1990-03-24;;Begovača;43233;Z;;;;;;;;;;
2310995360628;Manuela;Nekić;1995-10-23;;Begovača;43233;Z;;;;;;;;;;
1206996360208;Marin;Bokulić;1996-06-12;;Begovača;43233;M;;;;;;;;;;
1005997360420;Mario;Petrović;1997-05-10;;Begovača;43233;M;;;;;;;;;;
2312995360106;Marko;Nekić;1995-12-23;;Begovača;43233;M;;;;;;;;;;
2201999360764;Valentina;Sušanj;1999-01-22;;Begovača;43233;Z;;;;;;;;;;
702997360934;Iva;Marić;1997-02-07;;Begovača;43233;Z;;;;;;;;;;
211997360828;Slaven;Petrović;1997-11-02;;Begovača;43233;M;;;;;;;;;;
805989360505;Slaven;Štajduhar;1989-05-08;;Begovača;43233;M;;;;;;;;;;
2607996360790;Marin;Pavković;1996-07-26;;Begovača;43233;M;;;;;;;;;;
2208995360577;Petar;Ugrina;1995-08-22;;Begovača;43233;M;;;;;;;;;;
2803999360923;Mile;Perić;1999-03-28;;Begovača;43233;M;;;;;;;;;;
1806994360190;Ana;Vincetić;1994-06-18;;Begovača;43233;Z;;;;;;;;;;
2508999360605;Ana;Ugrina;1999-08-25;;Begovača;43233;Z;;;;;;;;;;
111994360371;Zoran;Frančić;1994-11-01;;Begovača;43233;M;;;;;;;;;;
1707998360541;Ana;Marković;1998-07-17;;Begovača;43233;Z;;;;;;;;;;
606999360246;Ivan;Štajduhar;1999-06-06;;Begovača;43233;M;;;;;;;;;;
2207999360572;Marko;Antić;1999-07-22;;Begovača;43233;M;;;;;;;;;;
1302999360848;Pero;Valentić;1999-02-13;;Begovača;43233;M;;;;;;;;;;
1706995360130;Karmen;Antić;1995-06-17;;Begovača;43233;Z;;;;;;;;;;
3107996360696;Jakov;Petrović;1996-07-31;;Begovača;43233;M;;;;;;;;;;
2612999360647;Natko;Koraca;1999-12-26;;Begovača;43233;M;;;;;;;;;;
1703990360366;Milan;Petrović;1990-03-17;;Begovača;43233;M;;;;;;;;;;
606999360210;Manuela;Graovac;1999-06-06;;Begovača;43233;Z;;;;;;;;;;
1102995360401;Jakov;Ugrina;1995-02-11;;Begovača;43233;M;;;;;;;;;;
3012994360561;Ana;Marić;1994-12-30;;Begovača;43233;Z;;;;;;;;;;
2809998360142;Željko;Pavković;1998-09-28;;Begovača;43233;M;;;;;;;;;;
2802999360464;Zoran;Ugrina;1999-02-28;;Begovača;43233;M;;;;;;;;;;
1907989360152;Marin;Bokulić;1989-07-19;;Begovača;43233;M;;;;;;;;;;
1510996360187;Diana;Nekić;1996-10-15;;Begovača;43233;Z;;;;;;;;;;
2207999360753;Viktor;Todeskini;1999-07-22;;Begovača;43233;M;;;;;;;;;;
2805989360659;Željko;Valentić;1989-05-28;;Begovača;43233;M;;;;;;;;;;
508994360376;Pero;Ugrina;1994-08-05;;Begovača;43233;M;;;;;;;;;;
1503990360454;Karmen;Marković;1990-03-15;;Begovača;43233;Z;;;;;;;;;;
2312997360665;Mario;Todeskini;1997-12-23;;Begovača;43233;M;;;;;;;;;;
701998360042;Petra;Marić;1998-01-07;;Begovača;43233;Z;;;;;;;;;;
1707994360692;Petra;Antić;1994-07-17;;Begovača;43233;Z;;;;;;;;;;
411990360640;Iva;Koraca;1990-11-04;;Begovača;43233;Z;;;;;;;;;;
2203991360047;Zoran;Bokulić;1991-03-22;;Begovača;43233;M;;;;;;;;;;
410999360031;Mario;Perić;1999-10-04;;Begovača;43233;M;;;;;;;;;;
201998360858;Viktor;Sušanj;1998-01-02;;Begovača;43233;M;;;;;;;;;;
1703998360111;Petra;Nekić;1998-03-17;;Begovača;43233;Z;;;;;;;;;;
1402993360339;Petra;Kostrenčić;1993-02-14;;Begovača;43233;Z;;;;;;;;;;
2710993360252;Ivana;Graovac;1993-10-27;;Begovača;43233;Z;;;;;;;;;;
3103997360991;Mila;Valentić;1997-03-31;;Begovača;43233;Z;;;;;;;;;;
1607999360248;Ines;Koraca;1999-07-16;;Begovača;43233;Z;;;;;;;;;;
1511999360018;Ana;Graovac;1999-11-15;;Begovača;43233;Z;;;;;;;;;;
1810997360610;Mile;Sušanj;1997-10-18;;Begovača;43233;M;;;;;;;;;;
3010992360361;Petra;Štajduhar;1992-10-30;;Begovača;43233;Z;;;;;;;;;;
2603992360312;Valentina;Sušanj;1992-03-26;;Begovača;43233;Z;;;;;;;;;;
801996360139;Iva;Perić;1996-01-08;;Begovača;43233;Z;;;;;;;;;;
708995360224;Petra;Bokulić;1995-08-07;;Begovača;43233;Z;;;;;;;;;;
2610993360552;Mile;Perić;1993-10-26;;Begovača;43233;M;;;;;;;;;;
1506996360431;Karmen;Marković;1996-06-15;;Begovača;43233;Z;;;;;;;;;;
2802989360663;Nataša;Pavković;1989-02-28;;Begovača;43233;Z;;;;;;;;;;
1212996360037;Natko;Vincetić;1996-12-12;;Begovača;43233;M;;;;;;;;;;
3104997360970;Marin;Frančić;;;Begovača;43233;M;;;;;;;;;;
2008998360229;Marin;Marić;1998-08-20;;Begovača;43233;M;;;;;;;;;;
3008992360753;Diana;Kostrenčić;1992-08-30;;Begovača;43233;Z;;;;;;;;;;
1312990360830;Ana;Hasić;1990-12-13;;Begovača;43233;Z;;;;;;;;;;
1007994360474;Nikola;Koraca;1994-07-10;;Begovača;43233;M;;;;;;;;;;
1402993360675;Manuela;Frančić;1993-02-14;;Begovača;43233;Z;;;;;;;;;;
810998360747;Karmen;Hasić;1998-10-08;;Begovača;43233;Z;;;;;;;;;;
1101991360577;Manuela;Ugrina;1991-01-11;;Begovača;43233;Z;;;;;;;;;;
3008994360862;Ana;Ugrina;1994-08-30;;Begovača;43233;Z;;;;;;;;;;
2710993360559;Karmen;Frančić;1993-10-27;;Begovača;43233;Z;;;;;;;;;;
2703990360881;Jakov;Štajduhar;1990-03-27;;Begovača;43233;M;;;;;;;;;;
2008998360834;Mila;Valentić;1998-08-20;;Begovača;43233;Z;;;;;;;;;;
710994360926;Slaven;Sušanj;1994-10-07;;Begovača;43233;M;;;;;;;;;;
3008993360994;Iva;Todeskini;1993-08-30;;Begovača;43233;Z;;;;;;;;;;
1712989360082;Ana;Antić;1989-12-17;;Begovača;43233;Z;;;;;;;;;;
2810994360154;Ines;Graovac;1994-10-28;;Begovača;43233;Z;;;;;;;;;;
2307998360013;Manuela;Antić;1998-07-23;;Begovača;43233;Z;;;;;;;;;;
1608989360749;Natko;Vincetić;1989-08-16;;Begovača;43233;M;;;;;;;;;;
3104990360827;Viktor;Todeskini;;;Begovača;43233;M;;;;;;;;;;
2909997360373;Marin;Valentić;1997-09-29;;Begovača;43233;M;;;;;;;;;;
2006996360136;Iva;Kostrenčić;1996-06-20;;Begovača;43233;Z;;;;;;;;;;
1809994360050;Nikola;Frančić;1994-09-18;;Begovača;43233;M;;;;;;;;;;
1403990360069;Diana;Kostrenčić;1990-03-14;;Begovača;43233;Z;;;;;;;;;;
502998360208;Slaven;Graovac;1998-02-05;;Begovača;43233;M;;;;;;;;;;
203990360135;Karmen;Petrović;1990-03-02;;Begovača;43233;Z;;;;;;;;;;
2605998360797;Slaven;Štajduhar;1998-05-26;;Begovača;43233;M;;;;;;;;;;
1804990360434;Iva;Sušanj;1990-04-18;;Begovača;43233;Z;;;;;;;;;;
1812999360929;Manuela;Todeskini;1999-12-18;;Begovača;43233;Z;;;;;;;;;;
2503995360249;Karmen;Antić;1995-03-25;;Begovača;43233;Z;;;;;;;;;;
1001991360446;Marko;Kostrenčić;1991-01-10;;Begovača;43233;M;;;;;;;;;;
2008994360920;Petar;Hasić;1994-08-20;;Begovača;43233;M;;;;;;;;;;
1412995360479;Mila;Graovac;1995-12-14;;Begovača;43233;Z;;;;;;;;;;
608998360680;Ines;Marić;1998-08-06;;Begovača;43233;Z;;;;;;;;;;
1812995360171;Ines;Antić;1995-12-18;;Begovača;43233;Z;;;;;;;;;;
2503991360988;Nikola;Frančić;1991-03-25;;Begovača;43233;M;;;;;;;;;;
1410998360625;Marko;Antić;1998-10-14;;Begovača;43233;M;;;;;;;;;;
711996360383;Mile;Perić;1996-11-07;;Begovača;43233;M;;;;;;;;;;
2812991360610;Petar;Todeskini;1991-12-28;;Begovača;43233;M;;;;;;;;;;
2910992360501;Nikola;Koraca;1992-10-29;;Begovača;43233;M;;;;;;;;;;
1308994360164;Vanja;Marković;1994-08-13;;Begovača;43233;M;;;;;;;;;;
2112993360991;Iva;Marić;1993-12-21;;Begovača;43233;Z;;;;;;;;;;
1707997360669;Jakov;Koraca;1997-07-17;;Begovača;43233;M;;;;;;;;;;
2303997360942;Ines;Marić;1997-03-23;;Begovača;43233;Z;;;;;;;;;;
911993360587;Marin;Antić;1993-11-09;;Begovača;43233;M;;;;;;;;;;
409992360352;Mila;Nekić;1992-09-04;;Begovača;43233;Z;;;;;;;;;;
3112997360561;Zoran;Vincetić;1997-12-31;;Begovača;43233;M;;;;;;;;;;
2006998360373;Ivana;Ugrina;1998-06-20;;Begovača;43233;Z;;;;;;;;;;
3006992360605;Željko;Štajduhar;1992-06-30;;Begovača;43233;M;;;;;;;;;;
1005992360378;Ana;Antić;1992-05-10;;Begovača;43233;Z;;;;;;;;;;
912999360160;Milan;Vincetić;1999-12-09;;Begovača;43233;M;;;;;;;;;;
2601999360012;Ivana;Štajduhar;1999-01-26;;Begovača;43233;Z;;;;;;;;;;
1304999360901;Zoran;Hasić;1999-04-13;;Begovača;43233;M;;;;;;;;;;
1801998360434;Ivan;Vincetić;1998-01-18;;Begovača;43233;M;;;;;;;;;;
1409990360339;Petar;Pavković;1990-09-14;;Begovača;43233;M;;;;;;;;;;
2409990360415;Iva;Mandić;1990-09-24;;Begovača;43233;Z;;;;;;;;;;
810990360011;Vanja;Koraca;1990-10-08;;Begovača;43233;M;;;;;;;;;;
2704995360007;Marin;Frančić;1995-04-27;;Begovača;43233;M;;;;;;;;;;
1407998360711;Mile;Bokulić;1998-07-14;;Begovača;43233;M;;;;;;;;;;
202999360817;Karmen;Kostrenčić;1999-02-02;;Begovača;43233;Z;;;;;;;;;;
2311995360603;Manuela;Pavković;1995-11-23;;Begovača;43233;Z;;;;;;;;;;
205992360475;Marin;Koraca;1992-05-02;;Begovača;43233;M;;;;;;;;;;
2902997360136;Željko;Štajduhar;;;Begovača;43233;M;;;;;;;;;;
212997360722;Ana;Marić;1997-12-02;;Begovača;43233;Z;;;;;;;;;;
205994360012;Mile;Vincetić;1994-05-02;;Begovača;43233;M;;;;;;;;;;
1809999360203;Petar;Štajduhar;1999-09-18;;Begovača;43233;M;;;;;;;;;;
1409999360997;Viktor;Ugrina;1999-09-14;;Begovača;43233;M;;;;;;;;;;
2602995360068;Petar;Petrović;1995-02-26;;Begovača;43233;M;;;;;;;;;;
1702993360256;Željko;Mandić;1993-02-17;;Begovača;43233;M;;;;;;;;;;
1408989360940;Željko;Todeskini;1989-08-14;;Begovača;43233;M;;;;;;;;;;
1102997360021;Petar;Graovac;1997-02-11;;Begovača;43233;M;;;;;;;;;;
611990360482;Marko;Marić;1990-11-06;;Begovača;43233;M;;;;;;;;;;
1112992360568;Zoran;Štajduhar;1992-12-11;;Begovača;43233;M;;;;;;;;;;
2211991360379;Karmen;Vincetić;1991-11-22;;Begovača;43233;Z;;;;;;;;;;
2007993360350;Valentina;Antić;1993-07-20;;Begovača;43233;Z;;;;;;;;;;
2505992360569;Manuela;Kostrenčić;1992-05-25;;Begovača;43233;Z;;;;;;;;;;
703996360994;Pero;Graovac;1996-03-07;;Begovača;43233;M;;;;;;;;;;
2405990360155;Slaven;Perić;1990-05-24;;Begovača;43233;M;;;;;;;;;;
2805991360052;Vanja;Frančić;1991-05-28;;Begovača;43233;M;;;;;;;;;;
2102990360418;Mile;Vincetić;1990-02-21;;Begovača;43233;M;;;;;;;;;;
2904992360976;Ivan;Bokulić;1992-04-29;;Begovača;43233;M;;;;;;;;;;
808989360387;Slaven;Todeskini;1989-08-08;;Begovača;43233;M;;;;;;;;;;
2906990360935;Nikola;Bokulić;1990-06-29;;Begovača;43233;M;;;;;;;;;;
3004999360903;Ana;Marković;1999-04-30;;Begovača;43233;Z;;;;;;;;;;
507998360900;Diana;Štajduhar;1998-07-05;;Begovača;43233;Z;;;;;;;;;;
1005996360945;Igor;Valentić;1996-05-10;;Begovača;43233;M;;;;;;;;;;
2101992360779;Petra;Vincetić;1992-01-21;;Begovača;43233;Z;;;;;;;;;;
611996360924;Mila;Marković;1996-11-06;;Begovača;43233;Z;;;;;;;;;;
1009991360321;Natko;Ugrina;1991-09-10;;Begovača;43233;M;;;;;;;;;;
2010998360308;Mila;Perić;1998-10-20;;Begovača;43233;Z;;;;;;;;;;
1503992360585;Milan;Kostrenčić;1992-03-15;;Begovača;43233;M;;;;;;;;;;
2902996360153;Petar;Nekić;1996-02-29;;Begovača;43233;M;;;;;;;;;;
1605991360931;Valentina;Marković;1991-05-16;;Begovača;43233;Z;;;;;;;;;;
1402989360951;Viktor;Hasić;1989-02-14;;Begovača;43233;M;;;;;;;;;;
2701996360564;Valentina;Valentić;1996-01-27;;Begovača;43233;Z;;;;;;;;;;
1505994360903;Jakov;Sušanj;1994-05-15;;Begovača;43233;M;;;;;;;;;;
2106989360375;Viktor;Nekić;1989-06-21;;Begovača;43233;M;;;;;;;;;;
2801998360359;Petra;Petrović;1998-01-28;;Begovača;43233;Z;;;;;;;;;;
1102995360944;Igor;Todeskini;1995-02-11;;Begovača;43233;M;;;;;;;;;;
610994360246;Željko;Pavković;1994-10-06;;Begovača;43233;M;;;;;;;;;;
711999360678;Valentina;Marić;1999-11-07;;Begovača;43233;Z;;;;;;;;;;
1807999360659;Ivana;Hasić;1999-07-18;;Begovača;43233;Z;;;;;;;;;;
1908999360306;Viktor;Marić;1999-08-19;;Begovača;43233;M;;;;;;;;;;
1907998360425;Valentina;Petrović;1998-07-19;;Begovača;43233;Z;;;;;;;;;;
1603992360873;Ana;Perić;1992-03-16;;Begovača;43233;Z;;;;;;;;;;
1705999360700;Valentina;Kostrenčić;1999-05-17;;Begovača;43233;Z;;;;;;;;;;
2902990360811;Nikola;Marić;;;Begovača;43233;M;;;;;;;;;;
1808998360117;Viktor;Ugrina;1998-08-18;;Begovača;43233;M;;;;;;;;;;
1708997360682;Marin;Perić;1997-08-17;;Begovača;43233;M;;;;;;;;;;
1112999360242;Marko;Frančić;1999-12-11;;Begovača;43233;M;;;;;;;;;;
2406996360937;Ivana;Nekić;1996-06-24;;Begovača;43233;Z;;;;;;;;;;
2412996360299;Igor;Antić;1996-12-24;;Begovača;43233;M;;;;;;;;;;
2308996360165;Viktor;Hasić;1996-08-23;;Begovača;43233;M;;;;;;;;;;
502995360692;Natko;Štajduhar;1995-02-05;;Begovača;43233;M;;;;;;;;;;
108991360065;Pero;Štajduhar;1991-08-01;;Begovača;43233;M;;;;;;;;;;
2511998360732;Nikola;Perić;1998-11-25;;Begovača;43233;M;;;;;;;;;;
2507999360331;Nataša;Ugrina;1999-07-25;;Begovača;43233;Z;;;;;;;;;;
1207991360479;Karmen;Antić;1991-07-12;;Begovača;43233;Z;;;;;;;;;;
1112992360031;Natko;Todeskini;1992-12-11;;Begovača;43233;M;;;;;;;;;;
3009995360203;Marin;Marić;1995-09-30;;Begovača;43233;M;;;;;;;;;;
1803998360779;Ines;Marić;1998-03-18;;Begovača;43233;Z;;;;;;;;;;
2904991360333;Marin;Mandić;1991-04-29;;Begovača;43233;M;;;;;;;;;;
810989360346;Mile;Pavković;1989-10-08;;Begovača;43233;M;;;;;;;;;;
1503999360650;Nikola;Todeskini;1999-03-15;;Begovača;43233;M;;;;;;;;;;
910992360930;Ines;Perić;1992-10-09;;Begovača;43233;Z;;;;;;;;;;
1311994360088;Igor;Todeskini;1994-11-13;;Begovača;43233;M;;;;;;;;;;
1109993360753;Valentina;Todeskini;1993-09-11;;Begovača;43233;Z;;;;;;;;;;
2511996360866;Karmen;Pavković;1996-11-25;;Begovača;43233;Z;;;;;;;;;;
606993360338;Natko;Antić;1993-06-06;;Begovača;43233;M;;;;;;;;;;
3004999360259;Iva;Pavković;1999-04-30;;Begovača;43233;Z;;;;;;;;;;
1702994360696;Nataša;Štajduhar;1994-02-17;;Begovača;43233;Z;;;;;;;;;;
808993360732;Nikola;Marković;1993-08-08;;Begovača;43233;M;;;;;;;;;;
705990360329;Natko;Hasić;1990-05-07;;Begovača;43233;M;;;;;;;;;;
708994360458;Mario;Sušanj;1994-08-07;;Begovača;43233;M;;;;;;;;;;
1301994360278;Vanja;Bokulić;1994-01-13;;Begovača;43233;M;;;;;;;;;;
1007996360395;Diana;Ugrina;1996-07-10;;Begovača;43233;Z;;;;;;;;;;
1203997360642;Jakov;Hasić;1997-03-12;;Begovača;43233;M;;;;;;;;;;
308991360059;Milan;Marković;1991-08-03;;Begovača;43233;M;;;;;;;;;;
712991360427;Petar;Kostrenčić;1991-12-07;;Begovača;43233;M;;;;;;;;;;
2911989360110;Natko;Sušanj;1989-11-29;;Begovača;43233;M;;;;;;;;;;
2003993360005;Diana;Kostrenčić;1993-03-20;;Begovača;43233;Z;;;;;;;;;;
3006989360461;Marin;Frančić;1989-06-30;;Begovača;43233;M;;;;;;;;;;
3003997360921;Ivana;Bokulić;1997-03-30;;Begovača;43233;Z;;;;;;;;;;
1410998360531;Diana;Nekić;1998-10-14;;Begovača;43233;Z;;;;;;;;;;
705989360506;Ana;Graovac;1989-05-07;;Begovača;43233;Z;;;;;;;;;;
3101992360835;Ines;Antić;1992-01-31;;Begovača;43233;Z;;;;;;;;;;
105998360648;Ivana;Mandić;1998-05-01;;Begovača;43233;Z;;;;;;;;;;
1907993360961;Mila;Koraca;1993-07-19;;Begovača;43233;Z;;;;;;;;;;
3104991360492;Nataša;Todeskini;;;Begovača;43233;Z;;;;;;;;;;
2407993360209;Mario;Antić;1993-07-24;;Begovača;43233;M;;;;;;;;;;
611995360736;Nataša;Vincetić;1995-11-06;;Begovača;43233;Z;;;;;;;;;;
1204993360099;Zoran;Antić;1993-04-12;;Begovača;43233;M;;;;;;;;;;
2104992360849;Mila;Petrović;1992-04-21;;Begovača;43233;Z;;;;;;;;;;
401998360277;Zoran;Valentić;1998-01-04;;Begovača;43233;M;;;;;;;;;;
412995360502;Zoran;Marković;1995-12-04;;Begovača;43233;M;;;;;;;;;;
507999360067;Nikola;Graovac;1999-07-05;;Begovača;43233;M;;;;;;;;;;
2207998360821;Mile;Štajduhar;1998-07-22;;Begovača;43233;M;;;;;;;;;;
109991360378;Vanja;Ugrina;1991-09-01;;Begovača;43233;M;;;;;;;;;;
1001993360684;Nataša;Štajduhar;1993-01-10;;Begovača;43233;Z;;;;;;;;;;
712998360050;Iva;Marković;1998-12-07;;Begovača;43233;Z;;;;;;;;;;
2104996360264;Ivan;Sušanj;1996-04-21;;Begovača;43233;M;;;;;;;;;;
701992360064;Manuela;Graovac;1992-01-07;;Begovača;43233;Z;;;;;;;;;;
2111991360896;Karmen;Antić;1991-11-21;;Begovača;43233;Z;;;;;;;;;;
1111993360773;Nataša;Frančić;1993-11-11;;Begovača;43233;Z;;;;;;;;;;
1805994360973;Ana;Mandić;1994-05-18;;Begovača;43233;Z;;;;;;;;;;
1002999360659;Mila;Sušanj;1999-02-10;;Begovača;43233;Z;;;;;;;;;;
909997360211;Manuela;Koraca;1997-09-09;;Begovača;43233;Z;;;;;;;;;;
1606989360800;Zoran;Petrović;1989-06-16;;Begovača;43233;M;;;;;;;;;;
611991360838;Jakov;Koraca;1991-11-06;;Begovača;43233;M;;;;;;;;;;
2002999360112;Ines;Sušanj;1999-02-20;;Begovača;43233;Z;;;;;;;;;;
2308994360397;Diana;Štajduhar;1994-08-23;;Begovača;43233;Z;;;;;;;;;;
1906990360149;Ines;Štajduhar;1990-06-19;;Begovača;43233;Z;;;;;;;;;;
2002991360122;Viktor;Antić;1991-02-20;;Begovača;43233;M;;;;;;;;;;
2908989360731;Ana;Antić;1989-08-29;;Begovača;43233;Z;;;;;;;;;;
1911992360646;Iva;Sušanj;1992-11-19;;Begovača;43233;Z;;;;;;;;;;
1001999360424;Željko;Ugrina;1999-01-10;;Begovača;43233;M;;;;;;;;;;
2106992360686;Iva;Koraca;1992-06-21;;Begovača;43233;Z;;;;;;;;;;
710992360663;Ana;Vincetić;1992-10-07;;Begovača;43233;Z;;;;;;;;;;
611991360679;Ines;Ugrina;1991-11-06;;Begovača;43233;Z;;;;;;;;;;
508999360534;Manuela;Vincetić;1999-08-05;;Begovača;43233;Z;;;;;;;;;;
2408994360320;Mile;Bokulić;1994-08-24;;Begovača;43233;M;;;;;;;;;;
2106998360367;Valentina;Koraca;1998-06-21;;Begovača;43233;Z;;;;;;;;;;
1401997360978;Petar;Nekić;1997-01-14;;Begovača;43233;M;;;;;;;;;;
2912995360360;Valentina;Vincetić;1995-12-29;;Begovača;43233;Z;;;;;;;;;;
2209995360321;Mile;Marić;1995-09-22;;Begovača;43233;M;;;;;;;;;;
303999360092;Nataša;Marković;1999-03-03;;Begovača;43233;Z;;;;;;;;;;
206999360158;Milan;Hasić;1999-06-02;;Begovača;43233;M;;;;;;;;;;
2207994360792;Vanja;Nekić;1994-07-22;;Begovača;43233;M;;;;;;;;;;
1702999360520;Ines;Vincetić;1999-02-17;;Begovača;43233;Z;;;;;;;;;;
802995360648;Nikola;Perić;1995-02-08;;Begovača;43233;M;;;;;;;;;;
804989360518;Natko;Nekić;1989-04-08;;Begovača;43233;M;;;;;;;;;;
2610995360207;Igor;Graovac;1995-10-26;;Begovača;43233;M;;;;;;;;;;
1008998360097;Slaven;Graovac;1998-08-10;;Begovača;43233;M;;;;;;;;;;
2608992360226;Viktor;Nekić;1992-08-26;;Begovača;43233;M;;;;;;;;;;
209989360357;Petra;Koraca;1989-09-02;;Begovača;43233;Z;;;;;;;;;;
506997360017;Diana;Pavković;1997-06-05;;Begovača;43233;Z;;;;;;;;;;
2211996360761;Karmen;Valentić;1996-11-22;;Begovača;43233;Z;;;;;;;;;;
2203989360520;Ivana;Hasić;1989-03-22;;Begovača;43233;Z;;;;;;;;;;
2809997360081;Milan;Kostrenčić;1997-09-28;;Begovača;43233;M;;;;;;;;;;
2704994360296;Manuela;Koraca;1994-04-27;;Begovača;43233;Z;;;;;;;;;;
1211998360341;Slaven;Marić;1998-11-12;;Begovača;43233;M;;;;;;;;;;
1512999360027;Viktor;Graovac;1999-12-15;;Begovača;43233;M;;;;;;;;;;
1002999360992;Mario;Pavković;1999-02-10;;Begovača;43233;M;;;;;;;;;;
109995360668;Mila;Valentić;1995-09-01;;Begovača;43233;Z;;;;;;;;;;
2110990360275;Milan;Kostrenčić;1990-10-21;;Begovača;43233;M;;;;;;;;;;
2805999360672;Milan;Petrović;1999-05-28;;Begovača;43233;M;;;;;;;;;;
1608990360338;Valentina;Ugrina;1990-08-16;;Begovača;43233;Z;;;;;;;;;;
2406999360874;Mile;Nekić;1999-06-24;;Begovača;43233;M;;;;;;;;;;
903990360884;Marko;Vincetić;1990-03-09;;Begovača;43233;M;;;;;;;;;;
1907997360458;Mila;Petrović;1997-07-19;;Begovača;43233;Z;;;;;;;;;;
1208991360920;Mile;Graovac;1991-08-12;;Begovača;43233;M;;;;;;;;;;
1001998360839;Mila;Mandić;1998-01-10;;Begovača;43233;Z;;;;;;;;;;
2508998360739;Diana;Vincetić;1998-08-25;;Begovača;43233;Z;;;;;;;;;;
